timestamp,x,y,z
0.092515888,0.0069269999,0.018239999,-0.061276998
0.097537185,0.0069269999,0.018239999,-0.061276998
0.10255709,0.0069269999,0.018239999,-0.061276998
0.10757782,0.0069269999,0.018239999,-0.061276998
0.11259832,0.0069269999,0.018239999,-0.061276998
0.11761895,0.0069269999,0.018239999,-0.061276998
0.12263954,0.0069269999,0.018239999,-0.061276998
0.12766011,0.0069269999,0.018239999,-0.061276998
0.13268069,0.0069269999,0.018239999,-0.061276998
0.13770136,0.0069269999,0.018239999,-0.061276998
0.142722,0.0069269999,0.018239999,-0.061276998
0.14774255,0.0069269999,0.018239999,-0.061276998
0.15276314,0.0069269999,0.018239999,-0.061276998
0.15778373,0.0069269999,0.018239999,-0.061276998
0.16280434,0.0069269999,0.018239999,-0.061276998
0.16782493,0.0069269999,0.018239999,-0.061276998
0.17284554,0.49531999,1.220916,1.674817
0.177866,-0.106083,1.413744,1.963639
0.18288652,-0.071148001,1.413672,1.9544719
0.18790715,-0.51146901,1.371708,1.9406101
0.19292774,-0.47301701,1.37003,1.93206
0.19794836,-0.379646,1.255572,2.4896531
0.20296898,-0.34876299,1.253479,2.4836249
0.2079896,-0.407603,0.91282898,3.1203489
0.21301021,-0.37981901,0.90798998,3.117259
0.21803083,-0.73339099,0.31912699,3.269803
0.22305144,-0.71243799,0.309582,3.2718439
0.22807203,-0.753043,-0.077908002,3.0728381
0.23309265,-0.73997498,-0.091068998,3.07939
0.23811318,0.001251,-0.203261,2.8644199
0.24313376,0.010467,-0.217365,2.8726101
0.24815435,0.82818103,-0.26306,2.640069
0.25317496,0.83170599,-0.27836099,2.6504929
0.25819555,1.184709,-0.375168,1.954609
0.26321617,1.176538,-0.381264,1.960922
0.26823678,1.024421,-0.48331699,0.983316
0.2732574,1.011654,-0.49133,0.99213201
0.278278,0.92678303,-0.56851703,0.117302
0.28329862,0.91040701,-0.577622,0.127864
0.28831923,1.202925,-0.554766,-0.48174599
0.29333984,1.1817451,-0.564156,-0.469695
0.29836032,1.8309,-0.594275,-0.69344801
0.30338084,1.802379,-0.602198,-0.680493
0.30840146,2.3588901,-1.4074219,-1.626509
0.31342206,2.320256,-1.412505,-1.612793
0.31844268,2.352047,-2.3867519,-2.8414381
0.32346329,2.3084309,-2.3871689,-2.8294351
0.32848391,1.850068,-2.565151,-3.4214079
0.33350453,1.815084,-2.5635569,-3.4128661
0.3385251,1.628395,-2.970293,-3.603018
0.34354568,1.5979691,-2.9592569,-3.6026659
0.34856629,1.641804,-3.0774331,-3.438411
0.3535869,1.617529,-3.054317,-3.4487391
0.35860752,0.66616201,-2.0860009,-3.466552
0.36362813,0.67014802,-2.067534,-3.4815681
0.36864876,0.25870001,-2.462611,-3.9089651
0.37366938,0.304901,-2.4364791,-3.9416299
0.37868998,0.89098603,-2.5671339,-3.526233
0.3837106,0.95384902,-2.5345211,-3.5669651
0.3887312,1.581629,-2.5303409,-2.5642719
0.39375182,1.656841,-2.4932511,-2.6094191
0.39877243,1.825018,-2.277122,-2.188849
0.40379305,1.9079109,-2.236053,-2.236095
0.40881353,1.92248,-2.2337861,-1.641843
0.41383405,2.0087731,-2.1892879,-1.689345
0.41885468,2.1925299,-2.4853599,-1.122026
0.42387528,2.2879839,-2.4382451,-1.169891
0.4288959,2.055177,-2.6378069,-0.65173101
0.43391651,2.156625,-2.5921421,-0.696217
0.43893712,2.3741159,-2.18168,0.59337699
0.44395774,2.473887,-2.1380091,0.55372798
0.44897835,3.537751,-1.636994,1.897257
0.45399897,3.634985,-1.5926909,1.860664
0.45901958,4.0479569,-1.321972,2.4978139
0.4640402,4.1402059,-1.2748899,2.462961
0.46906082,4.4312282,-1.01649,3.1737831
0.47408144,4.5253568,-0.96914601,3.1414881
0.47910201,4.934217,-0.78359199,2.251384
0.48412259,5.029808,-0.73645198,2.2219861
0.48914323,4.5786748,-0.63313299,1.171019
0.49416387,4.6788659,-0.58365703,1.143194
0.49918444,3.332973,-0.65974402,0.42187601
0.50420503,3.4440811,-0.60825002,0.39630899
0.50922565,2.5086329,-0.92790902,1.256269
0.51424626,2.6303351,-0.87824702,1.2357709
0.51926688,2.626739,-1.715292,2.5810549
0.52428749,2.7316029,-1.672752,2.566813
0.5293081,1.7963409,-1.689778,2.4183111
0.53432871,1.865835,-1.657222,2.408396
0.53934933,0.56454301,-1.321779,1.533643
0.54436994,0.60073799,-1.288054,1.521073
0.54939042,-0.25369301,-0.99856198,0.54279298
0.55441094,-0.213929,-0.98534,0.54074502
0.55943157,-0.095886998,-0.58622098,0.41574299
0.56445217,-0.039958,-0.592076,0.42496499
0.56947278,0.25072801,-0.019815,0.169459
0.57449339,0.305439,-0.037485,0.18490601
0.57951401,0.34303299,0.68388802,-0.25045899
0.58453463,0.37488601,0.66492403,-0.23688599
0.58955524,0.80022597,1.0020829,-0.83807099
0.59457586,0.80723101,0.98847997,-0.83044302
0.59959648,1.2357889,0.98391998,-1.259591
0.6046171,1.2313139,0.98239899,-1.259491
0.60963768,1.548488,0.67193699,-1.112533
0.61465829,1.539801,0.69142699,-1.1232409
0.61967891,1.1521389,0.34781501,-0.61242598
0.62469952,1.154651,0.39553699,-0.63478702
0.62972014,-0.34160301,-0.195595,-0.038185999
0.63474075,-0.34117499,-0.13388801,-0.066556998
0.63976137,-1.52461,-0.48061499,1.093484
0.64478199,-1.520611,-0.40929699,1.06248
0.64980256,-3.774097,-1.180908,2.653893
0.65482314,-3.776716,-1.108559,2.622905
0.65984376,-3.3991261,-1.588223,2.9795439
0.66486437,-3.4083719,-1.524107,2.95228
0.66988499,-3.511167,-1.242219,2.890578
0.6749056,-3.5312171,-1.189293,2.867255
0.6799262,-4.4237862,-0.246984,2.6319511
0.68494681,-4.4165058,-0.202713,2.616158
0.68996743,-3.841316,0.047958001,1.396703
0.69498804,-3.8322949,0.069385,1.3899519
0.70000866,-3.5454309,0.165135,0.128886
0.70502927,-3.526046,0.16776299,0.13052601
0.71004989,-4.1373558,0.58161402,-0.998263
0.71507051,-4.0952511,0.56742603,-0.98703599
0.72009102,-4.1141591,0.97936201,-2.1558859
0.72511155,-4.0632658,0.95675403,-2.1395919
0.73013228,-3.8410029,1.148388,-3.2346611
0.73515297,-3.7907519,1.127073,-3.2182069
0.74017344,-4.6484351,1.659543,-3.6673889
0.74519397,-4.5890851,1.644189,-3.650851
0.75021459,-5.8588581,2.1498101,-3.731318
0.75523519,-5.7821722,2.1427679,-3.7136559
0.7602558,-7.1668448,2.143199,-2.9695041
0.76527641,-7.0789938,2.1489711,-2.952997
0.77029703,-8.0156689,1.204424,-1.588104
0.77531764,-7.9413872,1.21902,-1.576507
0.78033826,-8.3023949,0.64762002,-0.492984
0.78535887,-8.1884642,0.65871,-0.46791399
0.79037949,-8.1515923,-0.263982,0.9756
0.79540011,-8.0491676,-0.242751,0.99641502
0.80042073,-7.9749579,-1.19708,2.2544391
0.80544134,-7.8852701,-1.176999,2.274179
0.81046195,-7.0440168,-2.0096099,2.9183719
0.81548257,-6.9931812,-2.02617,2.9410281
0.82050318,-5.5922518,-2.6463349,2.6191759
0.8255238,-5.57306,-2.7150159,2.6527231
0.8305444,-5.1117368,-2.5284269,1.530959
0.83556501,-5.1005201,-2.626775,1.575935
0.84058558,-4.5418358,-2.8120289,-0.46187001
0.84560616,-4.5446138,-2.933697,-0.40813899
0.85062679,-2.5531559,-3.9220669,-2.320713
0.8556474,-2.5706961,-4.0471721,-2.2661049
0.86066802,-1.5722589,-3.308398,-3.287513
0.86568863,-1.598861,-3.4147439,-3.2414801
0.87070924,-1.425465,-1.706567,-2.945049
0.87572986,-1.458622,-1.787279,-2.9122
0.88075047,-1.9718339,-0.53281802,-1.694769
0.88577108,-2.010257,-0.58737499,-1.676677
0.8907917,-1.153381,-1.344227,0.40413699
0.89581231,-1.19126,-1.378978,0.41193399
0.90083293,0.008475,-3.07007,2.062758
0.90585355,-0.028956,-3.09214,2.063854
0.91087419,-0.027259,-4.0994778,2.4966969
0.91589481,-0.062843002,-4.0811119,2.474961
0.92091542,-0.471221,-4.382874,1.687147
0.92593604,-0.50246298,-4.3597322,1.664417
0.93095649,-0.39399701,-4.6230249,0.78107899
0.93597701,-0.43853399,-4.626966,0.77052099
0.94099779,0.26085401,-4.859509,0.502473
0.94601848,0.206468,-4.8452659,0.47943699
0.95103892,1.250306,-4.844686,1.2882299
0.95605945,1.192588,-4.8102832,1.25404
0.96108022,2.0608361,-4.717164,2.8396649
0.96610091,2.0095789,-4.6677771,2.8003039
0.97112141,2.6118309,-4.6880178,4.3267908
0.97614194,2.5765481,-4.6320672,4.2891731
0.98116258,2.962595,-4.7129369,5.1116982
0.98618318,2.9454949,-4.6598039,5.0808072
0.9912038,2.6902859,-4.8021822,4.4796038
0.99622441,2.691035,-4.7568712,4.4573431
1.001245,2.4049599,-4.5166092,3.706239
1.0062656,2.415448,-4.4796,3.6906681
1.0112862,2.3630691,-4.0003171,2.9014759
1.0163068,2.364419,-3.9742329,2.8893991
1.0213275,2.456099,-3.820739,1.620693
1.0263481,2.420501,-3.768712,1.588714
1.0313687,2.7606959,-3.567811,1.0983551
1.0363893,2.7042999,-3.5167861,1.063777
1.0414099,3.1138721,-3.2679911,1.5067641
1.0464305,3.0636051,-3.245291,1.487272
1.0514511,3.404954,-3.0722859,2.38153
1.0564717,3.338412,-3.051511,2.3608639
1.0614923,3.0828221,-3.1624081,3.1594911
1.066513,3.0046411,-3.1477151,3.140821
1.0715336,2.781333,-3.339088,3.9675579
1.0765542,2.7031529,-3.3355131,3.955044
1.0815748,2.5659399,-3.28929,4.4017639
1.0865954,2.495127,-3.3023469,4.398489
1.091616,1.744725,-2.8900361,4.2164211
1.0966366,1.6824861,-2.924402,4.224288
1.1016572,1.78983,-2.9260719,3.511966
1.1066779,1.7331541,-2.9808249,3.5304971
1.1116985,2.3636091,-2.4827399,2.4292729
1.1167191,2.3171639,-2.556426,2.4588361
1.1217397,2.8983901,-1.314905,1.031004
1.1267602,2.8623979,-1.404677,1.0710829
1.1317808,3.8271761,-0.057252999,-1.158571
1.1368015,3.797888,-0.157488,-1.110116
1.1418221,4.7388449,0.78112698,-3.75003
1.1468427,4.706398,0.68055499,-3.698456
1.1518633,4.2799459,1.070089,-5.871109
1.1568839,4.2316461,0.98833001,-5.8278942
1.1619045,3.143714,0.80252498,-6.2334738
1.1669252,3.0759871,0.754412,-6.2083378
1.1719458,1.752425,0.52180201,-4.1561818
1.1769664,1.67469,0.50943601,-4.150784
1.181987,1.294094,-0.215093,-0.79237002
1.1870076,1.215624,-0.200194,-0.80160499
1.1920282,0.95003098,-1.4237241,2.7856519
1.1970488,0.87601501,-1.3950371,2.76986
1.2020694,-0.041145999,-1.9731261,6.0485382
1.20709,-0.112073,-1.945421,6.0347319
1.2121107,-1.0557899,-2.1027369,8.0095329
1.2171313,-1.124661,-2.0882649,8.0044661
1.2221519,-1.784287,-1.9478689,8.0872107
1.2271725,-1.83778,-1.92484,8.0774965
1.2321932,-1.92553,-1.547419,6.8558478
1.2372138,-1.971493,-1.54386,6.8571181
1.2422344,-1.3450561,-1.112639,5.0089321
1.247255,-1.399498,-1.143386,5.0306082
1.2522756,-0.32189199,-0.62920302,3.349792
1.2572962,-0.37173799,-0.66556299,3.375273
1.2623169,0.41697201,-0.25159299,1.9728529
1.2673375,0.37394199,-0.29156199,2.000756
1.2723581,0.57457501,0.10283,0.65758002
1.2773787,0.54066002,0.060635999,0.68672901
1.2823992,0.092763998,0.71407402,-0.52624297
1.2874197,0.068607002,0.67071599,-0.49671599
1.2924405,-0.91418499,1.175108,-1.609364
1.2974612,-0.920362,1.115914,-1.5712349
1.3024817,-1.791176,1.281478,-2.6715529
1.3075024,-1.77902,1.217517,-2.631371
1.312523,-2.609987,1.416708,-3.846669
1.3175436,-2.579711,1.349515,-3.8049681
1.3225641,-2.366775,0.806575,-4.596447
1.3275846,-2.329776,0.745978,-4.5583701
1.3326052,-3.2889481,0.97142601,-5.053638
1.3376258,-3.229845,0.91815901,-5.0214558
1.3426465,-4.1565628,1.0064681,-5.2927828
1.3476671,-4.0788412,0.96541703,-5.26931
1.3526877,-4.6920118,0.50572097,-4.9818249
1.3577083,-4.6018481,0.48415899,-4.9716468
1.3627289,-3.8981681,-0.63724703,-3.8193841
1.3677495,-3.854619,-0.61390001,-3.8388569
1.3727702,-3.794981,-1.472096,-1.653808
1.3777908,-3.742857,-1.443109,-1.676935
1.3828114,-4.3920279,-2.1065011,1.3246911
1.387832,-4.3374152,-2.0818989,1.30574
1.3928526,-5.4402528,-3.3617451,2.6049559
1.3978732,-5.4074368,-3.345643,2.5931139
1.4028938,-5.6455488,-4.3869772,3.5772491
1.4079145,-5.6271219,-4.3872719,3.577409
1.4129351,-5.0702929,-5.1109829,3.6917779
1.4179557,-5.0502119,-5.1375208,3.710912
1.4229763,-4.355536,-5.6381431,3.7119889
1.4279969,-4.3344092,-5.6938782,3.7531281
1.4330176,-3.8622129,-5.9124079,3.369329
1.4380382,-3.846952,-5.9986339,3.435379
1.4430588,-3.4857409,-5.4568839,2.8631461
1.4480794,-3.4667921,-5.5619712,2.947999
1.4531,-4.5537448,-4.2879109,2.0934861
1.4581206,-4.5466032,-4.4005518,2.189764
1.4631413,-5.7221842,-2.3818369,0.499713
1.4681619,-5.7271991,-2.4975879,0.60478199
1.4731825,-5.1476479,-0.85993701,-1.6483051
1.4782031,-5.1633291,-0.97066498,-1.541347
1.4832237,-3.787009,-0.24659701,-4.2244992
1.4882443,-3.8216219,-0.33433199,-4.1348882
1.4932649,-3.0959549,0.36795399,-5.564301
1.4982855,-3.1481819,0.32026699,-5.513339
1.5033062,-0.72133899,0.345211,-3.6540401
1.5083268,-0.77987099,0.346185,-3.6540861
1.5133474,1.780792,-1.051425,0.58504403
1.518368,1.735099,-1.008728,0.540923
1.5233886,2.9089401,-2.919431,5.4378099
1.5284093,2.8945019,-2.8521869,5.368855
1.5334298,2.0935681,-3.970443,9.7902985
1.5384504,2.1008899,-3.893441,9.7136536
1.5434711,-0.081247002,-4.9853382,12.521638
1.5484917,-0.064851001,-4.9126439,12.452012
1.5535123,-2.037406,-6.1465268,13.524666
1.5585329,-2.0217631,-6.0893412,13.471834
1.5635535,-3.4865611,-7.2398038,12.766153
1.5685741,-3.4616539,-7.1568241,12.692987
1.5735947,-4.062181,-7.63552,10.928514
1.5786153,-4.0432892,-7.5756669,10.877852
1.5836359,-3.8033359,-6.7464318,8.4928455
1.5886566,-3.7935269,-6.7100048,8.4628601
1.5936772,-3.026525,-5.4208088,5.6645832
1.5986978,-3.045094,-5.4443188,5.6842208
1.6037184,-1.704608,-4.6762609,2.730715
1.608739,-1.7229069,-4.7036681,2.753969
1.6137596,-0.233373,-4.435029,0.113637
1.6187803,-0.24580701,-4.4571748,0.132689
1.6238006,0.978562,-4.2875328,-1.566835
1.6288212,0.97476602,-4.2981281,-1.557686
1.6338418,1.762934,-4.2394862,-2.1412139
1.6388625,1.767327,-4.2358322,-2.1444621
1.6438831,1.9895509,-4.462512,-1.1383049
1.6489037,1.9961931,-4.447463,-1.151279
1.6539243,1.569858,-5.0183311,0.547566
1.6589449,1.569913,-5.0001392,0.53224301
1.6639655,0.81429601,-5.7476621,1.98647
1.6689861,0.79110903,-5.6928072,1.94156
1.6740068,0.191909,-6.231791,2.92904
1.6790274,0.15431701,-6.1871262,2.8942621
1.684048,0.113596,-6.4897361,3.2661631
1.6890686,0.057895001,-6.509933,3.284904
1.6940892,0.41527501,-6.6239538,2.843436
1.6991098,0.34504601,-6.6636772,2.880182
1.7041304,1.134491,-6.4583049,1.678106
1.709151,1.057387,-6.5140662,1.731154
1.7141717,1.747452,-6.3074679,0.13405401
1.7191923,1.669926,-6.37322,0.19918001
1.7242129,2.2476399,-6.1614351,-1.364486
1.7292335,2.175297,-6.2306061,-1.292881
1.7342541,2.4300499,-6.0694151,-2.4652269
1.7392747,2.366564,-6.1359119,-2.393297
1.7442954,2.0328929,-5.7615361,-2.959795
1.749316,1.979269,-5.8215299,-2.8921671
1.7543366,1.0328881,-4.8746028,-2.480423
1.7593573,0.98804098,-4.92695,-2.419142
1.7643779,0.270529,-3.3511069,-1.526935
1.7693984,0.23455299,-3.3992219,-1.4694771
1.7744191,-0.37889001,-1.8693579,-1.503049
1.7794397,-0.40630099,-1.916623,-1.446336
1.7844603,-1.3598371,-0.73770398,-3.0230999
1.7894809,-1.378323,-0.78172302,-2.9701829
1.7945015,-1.680306,-0.90455103,-5.5202432
1.7995222,-1.698023,-0.933496,-5.4832168
1.8045428,-0.33915401,-1.675457,-7.0953441
1.8095634,-0.36816999,-1.71746,-7.038878
1.814584,-1.77729,-0.40679801,-6.4367342
1.8196046,-1.772157,-0.411928,-6.4319382
1.8246252,-2.3697691,0.074490003,-2.3022161
1.8296459,-2.3665831,0.145721,-2.3853741
1.8346665,-1.959612,-1.196581,2.5357821
1.8396871,-1.947793,-1.104624,2.432075
1.8447077,-2.960752,-2.67219,6.7793531
1.8497283,-2.9503829,-2.5752349,6.6766901
1.8547489,-4.2165298,-3.6413779,9.9737091
1.8597695,-4.2304401,-3.5513721,9.8887167
1.8647904,-4.6869078,-4.0096388,12.138805
1.8698111,-4.7344799,-3.936367,12.081064
1.8748317,-4.4631829,-3.882045,13.306009
1.8798523,-4.5412011,-3.833811,13.281141
1.8848729,-3.5561719,-3.2750189,13.146072
1.8898935,-3.654597,-3.254153,13.153625
1.8949141,-2.5222781,-2.1018109,11.243401
1.8999348,-2.626297,-2.105283,11.277414
1.9049554,-1.418201,-0.58835602,8.0935059
1.909976,-1.514189,-0.60798597,8.1430378
1.9149966,-0.65001798,0.52209997,4.6282802
1.9200172,-0.72996098,0.497089,4.6803861
1.9250378,-0.149169,0.996773,1.526415
1.9300584,-0.209507,0.97479498,1.570636
1.9350791,-0.428058,1.1430809,-0.66837603
1.9400997,-0.470772,1.129819,-0.63821697
1.9451203,-1.332074,0.88238299,-1.810616
1.9501409,-1.350756,0.86391199,-1.784694
1.9551615,-2.5216,0.25891399,-1.935455
1.9601821,-2.5213311,0.250761,-1.927503
1.9652028,-3.668026,-0.265333,-1.257089
1.9702234,-3.6529479,-0.260766,-1.267898
1.975244,-4.8241448,-0.57711703,-0.36592099
1.9802646,-4.7993178,-0.56465799,-0.388264
1.9852852,-5.645473,-0.74914497,0.059785999
1.9903058,-5.6177068,-0.73590797,0.035941001
1.9953264,-5.7771559,-0.92305499,-0.155903
2.000347,-5.752439,-0.91305798,-0.175046
2.0053676,-5.4520369,-1.039682,-0.99302602
2.0103882,-5.4301071,-1.0355819,-1.005232
2.0154088,-5.0003462,-0.91053301,-1.8467
2.0204294,-4.9781489,-0.91209799,-1.853451
2.02545,-4.5213389,-0.78002799,-2.338259
2.0304706,-4.4961991,-0.78359902,-2.344022
2.0354913,-4.3191042,-0.428159,-2.5616281
2.0405119,-4.28371,-0.43364599,-2.5689819
2.0455325,-4.6047921,-0.075525001,-2.3946719
2.0505532,-4.5979109,-0.058793999,-2.4128749
2.0555738,-4.8975692,-0.095957004,-1.938934
2.0605944,-4.8768811,-0.077400997,-1.96337
2.065615,-5.1256642,-0.69770497,-1.2094409
2.0706357,-5.0944438,-0.67931098,-1.2368129
2.0756562,-5.313477,-1.621868,-0.33289599
2.0806768,-5.2763081,-1.60667,-0.358677
2.0856975,-5.7262421,-2.5806799,0.54931301
2.0907181,-5.6876559,-2.5725319,0.530056
2.0957387,-6.0326791,-3.5796299,1.049493
2.1007593,-5.9961591,-3.58233,1.041048
2.10578,-6.3115101,-4.3908858,1.1850359
2.1108006,-6.2805829,-4.4062958,1.189958
2.1158212,-6.4694562,-4.8433762,0.92354602
2.1208418,-6.4495158,-4.8722348,0.944089
2.1258624,-6.0794492,-5.0237222,0.132916
2.1308831,-6.0673671,-5.0619421,0.164819
2.1359037,-5.2948122,-4.695909,-0.60625499
2.1409243,-5.288692,-4.7382951,-0.56795299
2.1459449,-4.6524282,-3.773005,-0.77253997
2.1509655,-4.6495399,-3.8154371,-0.73231399
2.1559862,-4.2499981,-2.4350951,-0.656012
2.1610068,-4.2488441,-2.4758539,-0.61595601
2.1660274,-4.254519,-1.209945,-0.71070898
2.171048,-4.2585359,-1.246073,-0.67292899
2.1760686,-4.7892451,-0.66499197,-0.58986998
2.1810892,-4.8020992,-0.69160599,-0.55858099
2.1861098,-5.5545869,-0.72802597,0.157351
2.1911305,-5.582581,-0.739766,0.178103
2.1961511,-6.430975,-0.94361502,1.810813
2.2011717,-6.4763999,-0.93733799,1.818483
2.2061923,-6.3714218,-0.93633097,4.4219851
2.2112129,-6.4297218,-0.91330099,4.4170899
2.2162335,-5.8106661,-1.115926,7.5672851
2.2212542,-5.8705359,-1.082022,7.5529361
2.2262748,-4.5644708,-1.701665,8.5530634
2.2312954,-4.6136851,-1.663693,8.5321407
2.2363161,-3.8224959,-2.2246521,9.5438719
2.2413367,-3.8575161,-2.1829231,9.5151291
2.2463573,-3.4512839,-2.5701699,9.2593441
2.2513779,-3.469589,-2.5240641,9.2211323
2.2563985,-3.5821259,-2.8602681,8.9904079
2.2614191,-3.583415,-2.8072,8.940403
2.2664397,-3.68449,-3.3270979,8.7695312
2.2714603,-3.6704869,-3.266484,8.7086439
2.276481,-3.9778581,-3.3635931,8.5027771
2.2815016,-3.951611,-3.2987649,8.4360828
2.2865222,-4.129385,-3.060982,7.8539548
2.2915428,-4.096489,-2.995981,7.7874818
2.2965634,-3.6368749,-2.721401,6.6695948
2.301584,-3.6044941,-2.6593921,6.6083159
2.3066046,-2.5958459,-2.609457,5.0499129
2.3116253,-2.570287,-2.5526781,4.9970741
2.3166458,-1.683183,-2.632483,3.325295
2.3216665,-1.668031,-2.580045,3.28056
2.3266872,-1.145849,-2.772872,1.9004461
2.3317079,-1.140314,-2.7214019,1.8605191
2.3367284,-1.1837,-3.078294,1.265906
2.3417489,-1.174593,-2.9993529,1.206406
2.3467697,-1.437122,-3.4366,1.490944
2.3517904,-1.4267941,-3.3508761,1.429068
2.3568108,-1.693548,-3.781837,2.2597251
2.3618313,-1.6791199,-3.6914201,2.196584
2.366852,-2.116755,-4.1020551,2.7956691
2.3718726,-2.0954101,-4.0125251,2.7343049
2.3768932,-2.5856791,-4.561729,2.816318
2.3819138,-2.5569661,-4.4752598,2.757839
2.3869345,-2.878953,-4.9208708,2.6857989
2.3919553,-2.8699241,-4.8775258,2.6590419
2.3969759,-2.7788081,-5.0315762,2.9174719
2.4019965,-2.7751839,-4.9958229,2.896816
2.4070171,-2.152271,-4.821394,3.4431119
2.4120377,-2.1611841,-4.7966909,3.431869
2.4170584,-0.71578801,-4.362855,4.0876932
2.422079,-0.74096698,-4.3549671,4.0897079
2.4270996,0.96446598,-3.8150091,4.4782009
2.4321202,0.92488003,-3.8311231,4.4971008
2.4371408,2.211992,-3.3145709,4.1566181
2.4421615,2.1596639,-3.356977,4.1941471
2.4471821,2.512253,-2.6053369,3.0485449
2.4522027,2.452944,-2.672024,3.1036479
2.4572233,1.945917,-1.569384,1.200909
2.4622439,1.887519,-1.65447,1.269721
2.4672645,1.200806,-0.46821699,-1.151837
2.4722851,1.145237,-0.55954897,-1.0760109
2.4773058,0.123013,0.31571001,-3.5109451
2.4823264,0.067722,0.230285,-3.434819
2.487347,-0.93554401,0.38914299,-5.7607608
2.4923676,-0.99126798,0.32337099,-5.6942968
2.4973882,-1.994573,0.39936599,-6.994761
2.5024088,-2.04776,0.36651701,-6.9504328
2.5074294,-3.001502,0.82102102,-6.4300928
2.51245,-3.0267439,0.77204001,-6.3832831
2.5174707,-2.9049189,0.31262901,-3.7991099
2.5224914,-2.9184561,0.32600501,-3.803684
2.527512,-2.3930919,-1.055524,-0.18222199
2.5325325,-2.4257851,-0.98176801,-0.22295099
2.5375532,-2.0152149,-2.1559319,3.966275
2.5425738,-2.049557,-2.0691471,3.9194019
2.5475944,-1.6307009,-2.566797,7.5079689
2.552615,-1.673664,-2.485028,7.4709201
2.5576357,-1.02886,-2.534081,9.7411652
2.5626563,-1.076751,-2.4742379,9.7228279
2.5676769,-0.55418098,-2.3052111,9.8937225
2.5726975,-0.584113,-2.2498281,9.8719149
2.5777181,-0.80621803,-1.6940711,7.889298
2.5827388,-0.82675099,-1.676679,7.8876181
2.5877594,-1.545388,-0.835343,4.5282001
2.59278,-1.569833,-0.867522,4.5592132
2.5978006,-2.4481699,-0.122454,1.217158
2.6028213,-2.461673,-0.167137,1.251868
2.6078419,-3.31938,0.78817302,-1.447827
2.6128625,-3.321676,0.74024302,-1.415289
2.6178831,-4.1038461,1.777341,-3.6597011
2.6229037,-4.0960321,1.733163,-3.633564
2.6279243,-4.7976122,2.6125519,-5.268683
2.6329449,-4.7455101,2.523021,-5.2307978
2.6379656,-5.5976439,3.081383,-6.0507178
2.6429862,-5.534832,3.0022449,-6.0219531
2.6480068,-6.3129759,3.052428,-5.9405551
2.6530274,-6.2395449,2.9923451,-5.9277978
2.658048,-6.6677761,2.3608429,-4.6999559
2.6630686,-6.5853081,2.326318,-4.7079921
2.6680893,-6.575057,1.181667,-2.5255971
2.6731099,-6.48808,1.176,-2.55514
2.6781305,-6.3532462,0.147925,-0.22367901
2.6831511,-6.269588,0.162944,-0.26519701
2.6881719,-6.0924969,-0.78927201,1.712801
2.6931926,-6.0140719,-0.76739198,1.670362
2.6982132,-5.8400459,-1.541176,2.782701
2.7032338,-5.7626629,-1.5262589,2.747714
2.7082544,-5.3506989,-2.3531611,3.3472271
2.7132751,-5.3125339,-2.3691549,3.3472109
2.7182955,-5.3221359,-3.0282121,3.1982529
2.7233161,-5.2746372,-3.0659781,3.211843
2.7283368,-5.8004279,-3.3268859,1.932179
2.7333575,-5.7472091,-3.3829601,1.958912
2.7383781,-6.2887111,-3.134191,0.20724
2.7433988,-6.2368221,-3.2010019,0.244414
2.7484194,-6.8300562,-2.316463,-1.274457
2.75344,-6.7817788,-2.384203,-1.233335
2.7584606,-7.1445889,-0.96314102,-2.228358
2.7634812,-7.1057248,-1.025764,-2.1868711
2.7685018,-7.0927968,0.134165,-2.9265349
2.7735225,-7.0665412,0.079533003,-2.8869309
2.7785431,-6.582016,0.36899999,-3.752208
2.7835637,-6.5787792,0.32969499,-3.719085
2.7885843,-5.6063199,0.080843002,-4.2283049
2.7936049,-5.6263099,0.065128997,-4.2096572
2.7986255,-4.5343099,0.106904,-3.2389269
2.8036461,-4.5208688,0.094056003,-3.2309489
2.8086668,-3.4363179,-0.20221899,-1.009969
2.8136874,-3.434356,-0.17421401,-1.034956
2.818708,-2.7567489,-1.446764,1.5725991
2.8237286,-2.782608,-1.392277,1.532487
2.8287493,-2.5287969,-2.8272469,3.9744279
2.83377,-2.5513229,-2.761399,3.925611
2.8387905,-2.5705409,-3.721751,5.7160339
2.8438112,-2.59165,-3.6508181,5.664783
2.8488318,-2.480458,-4.3043318,7.0095172
2.8538524,-2.4996991,-4.2325811,6.9592929
2.858873,-1.897228,-4.7174869,7.8587198
2.8638936,-1.912291,-4.6495409,7.8122549
2.8689142,-1.193964,-4.9638019,8.0129166
2.8739349,-1.202336,-4.904901,7.9728732
2.8789555,-0.51836699,-4.9022751,7.1851602
2.8839761,-0.520715,-4.856051,7.1535568
2.8889967,0.131053,-4.3546782,5.495862
2.8940173,0.13398901,-4.321506,5.4724841
2.899038,0.56224602,-3.644671,3.3406551
2.9040586,0.56799102,-3.6199901,3.322623
2.9090792,1.1561151,-3.2930169,1.318498
2.9140998,1.151989,-3.2418139,1.285732
2.9191205,1.469991,-3.08056,-0.117804
2.9241412,1.461948,-3.0299089,-0.148338
2.9291618,1.131904,-3.162704,-0.50944698
2.9341825,1.129133,-3.1061821,-0.544047
2.9392031,0.57701898,-3.4635899,0.348986
2.9442237,0.58173603,-3.3986149,0.308615
2.9492442,0.355342,-3.639328,1.841665
2.9542647,0.36088699,-3.574481,1.802618
2.9592853,0.38959199,-3.459523,3.191859
2.9643059,0.39066201,-3.4076509,3.16243
2.9693267,0.53107798,-3.115314,3.7797639
2.9743474,0.523233,-3.0851121,3.7650509
2.979368,1.2094049,-2.7806461,3.518152
2.9843886,1.187233,-2.773947,3.5199161
2.9894092,1.685761,-2.382684,3.0304599
2.9944298,1.652812,-2.3977721,3.0470059
2.9994505,1.9371901,-1.774974,2.5692329
3.0044711,1.913325,-1.831337,2.6069281
3.0094917,1.881573,-1.11967,1.320387
3.0145123,1.862021,-1.189333,1.3660049
3.0195329,1.438611,-0.33430001,-0.47727999
3.0245535,1.425395,-0.409675,-0.42809901
3.0295741,0.90538597,0.56842101,-2.6365969
3.0345947,0.89869797,0.496539,-2.5894361
3.0396153,0.51417297,1.128898,-4.9900432
3.044636,0.49545199,1.035843,-4.923564
3.0496566,-0.085905999,1.193732,-6.661829
3.0546773,-0.102203,1.114524,-6.6022701
3.0596979,-0.73954499,1.1424789,-6.8696098
3.0647185,-0.75343001,1.041682,-6.7914548
3.0697391,-0.84924501,0.45017201,-4.9033542
3.0747597,-0.85154903,0.462917,-4.9121189
3.0797803,-0.61839497,-0.89260399,-1.332731
3.084801,-0.61993301,-0.80715501,-1.393802
3.0898216,-0.43489799,-1.986397,3.7182131
3.0948422,-0.43828699,-1.879234,3.6460609
3.0998628,-0.387413,-2.358108,8.516839
3.1048834,-0.398004,-2.2509799,8.4510431
3.109904,-0.83817399,-2.01562,11.793195
3.1149247,-0.85222602,-1.931201,11.745829
3.1199453,-0.55052,-2.056783,12.811296
3.1249659,-0.54742301,-1.9813499,12.766123
3.1299865,-0.62307,-1.913056,11.304675
3.1350071,-0.60457599,-1.849409,11.263221
3.1400279,-1.430737,-0.59358901,8.6003599
3.1450486,-1.401261,-0.61221403,8.6023865
3.1500691,-1.9790519,0.093033001,4.853569
3.1550896,-1.95688,0.023019001,4.8873978
3.1601103,-2.3993869,0.59284401,0.98158801
3.1651309,-2.376724,0.50883698,1.025394
3.1701516,-2.684778,1.055903,-2.1699641
3.1751723,-2.657907,0.96851701,-2.1227601
3.1801929,-2.7324009,1.555106,-4.7067499
3.1852136,-2.7023449,1.4730771,-4.6612849
3.1902342,-2.7643969,2.183743,-6.545681
3.1952548,-2.7314,2.113965,-6.50699
3.2002754,-2.7850239,2.4856429,-7.5868282
3.2052961,-2.7268741,2.37029,-7.520247
3.2103167,-2.619103,1.945159,-7.5798082
3.2153373,-2.5506151,1.852632,-7.5276151
3.2203579,-2.2675769,0.60730702,-6.3776278
3.2253785,-2.1812689,0.545223,-6.3491702
3.2303991,-2.2276101,-0.77420002,-4.2353802
3.2354198,-2.1379199,-0.77177697,-4.2554169
3.2404404,-2.6615779,-1.847209,-2.079478
3.2454611,-2.5497079,-1.8394279,-2.1050279
3.2504817,-3.481463,-2.8879349,-0.070964001
3.2555023,-3.3525369,-2.8841119,-0.092267998
3.2605229,-4.3916559,-3.7738719,1.366924
3.2655435,-4.2557549,-3.7832179,1.359354
3.2705642,-5.0757051,-4.3980818,1.746799
3.2755848,-4.943799,-4.427021,1.759235
3.2806054,-5.5109472,-4.6583881,1.411567
3.285626,-5.390058,-4.709094,1.446106
3.2906466,-5.6936622,-4.439249,0.506971
3.2956672,-5.5907602,-4.5077162,0.56075901
3.3006878,-5.606122,-3.596704,-0.402127
3.3057085,-5.5250139,-3.677237,-0.333749
3.3107291,-4.8114648,-2.443017,-1.0543129
3.3157497,-4.7534499,-2.5306489,-0.97569001
3.3207704,-3.5411551,-1.8346781,-1.9423259
3.3257911,-3.5067351,-1.923141,-1.859322
3.3308117,-2.2712829,-2.068172,-3.2982559
3.3358324,-2.2619219,-2.146307,-3.2223139
3.340853,-1.189411,-2.1232791,-4.6782022
3.3458736,-1.2004451,-2.176991,-4.6248889
3.3508942,-0.34434399,-1.593122,-4.4226441
3.3559148,-0.351946,-1.635246,-4.3794131
3.3609354,0.084766999,-1.4543509,-2.2114921
3.365956,0.082229003,-1.445575,-2.2207799
3.3709766,0.13111,-2.3842571,0.61281598
3.3759972,0.145978,-2.326978,0.55509502
3.3810178,-0.309129,-3.703882,3.1061921
3.3860384,-0.280251,-3.6434669,3.048068
3.3910591,-1.139457,-4.5798292,5.0680571
3.3960797,-1.10902,-4.5089741,5.00249
3.4011003,-1.646704,-4.957871,6.5929461
3.4061209,-1.6237431,-4.8848619,6.5277338
3.4111415,-1.294552,-5.2756629,7.7555761
3.4161622,-1.281124,-5.2080259,7.6970172
3.4211828,-0.393224,-5.5720181,8.4747276
3.4262034,-0.38592601,-5.4732542,8.3916931
3.431224,0.416127,-5.240284,8.3467321
3.4362446,0.41488799,-5.1612768,8.2829189
3.4412652,0.63206398,-4.390933,7.1162939
3.4462859,0.62259501,-4.297503,7.0432382
3.4513065,0.213879,-3.4683471,5.010128
3.4563271,0.203125,-3.4052711,4.9624591
3.4613477,-0.152062,-3.0513101,2.8188
3.4663683,-0.16850901,-3.040174,2.8095629
3.4713891,-0.244881,-2.94525,1.179626
3.4764098,-0.27247101,-2.9432139,1.176495
3.4814304,-0.141923,-2.932677,0.184383
3.486451,-0.18188301,-2.9338391,0.183202
3.4914716,-0.0051950002,-2.923233,-0.31110999
3.4964922,-0.052781001,-2.9222009,-0.313741
3.5015128,0.186336,-2.8838871,0.001911
3.5065335,0.13814101,-2.8757429,-0.005324
3.5115541,0.184176,-2.8026879,0.88199902
3.5165747,0.145073,-2.787446,0.870354
3.5215953,-0.264433,-2.561558,2.2532229
3.5266159,-0.28658,-2.5453141,2.2413869
3.5316365,-0.92809701,-1.981153,3.794935
3.5366572,-0.936988,-1.975176,3.7906539
3.5416778,-1.249446,-1.432124,4.3258691
3.5466984,-1.256367,-1.448202,4.3372579
3.551719,-0.89471197,-0.94194698,2.6167049
3.5567396,-0.91897601,-1.001655,2.659915
3.5617603,-0.19843,-1.080474,-0.439255
3.5667809,-0.244011,-1.148689,-0.38775399
3.5718015,0.77481598,-0.89115399,-3.2434161
3.5768222,0.70612103,-0.94912702,-3.196841
3.5818428,1.99621,-0.088866003,-4.5410771
3.5868634,1.914204,-0.121659,-4.5114231
3.591884,3.3192379,0.38419801,-3.6822751
3.5969046,3.2377951,0.38489699,-3.6775129
3.6019252,4.1116362,-0.287247,-0.94680101
3.6069459,4.0483088,-0.25665799,-0.96585399
3.6119665,3.862349,-1.522297,2.501416
3.6169871,3.8269401,-1.474318,2.467344
3.6220079,2.3350611,-2.2208619,5.8925052
3.6270286,2.3100021,-2.144222,5.8369241
3.6320492,0.057227001,-2.072346,7.509954
3.6370698,0.059519999,-2.0104229,7.4644651
3.6420904,-1.8660311,-1.542151,7.2327328
3.647111,-1.835452,-1.482013,7.1870632
3.6521317,-2.4854109,-1.049634,5.327292
3.6571523,-2.469862,-1.0494699,5.3257899
3.6621729,-2.296752,-0.47852701,2.4660339
3.6671935,-2.2943349,-0.506657,2.48561
3.6722141,-1.656878,0.096671,-0.24974
3.6772348,-1.6733741,0.046456002,-0.21210501
3.6822554,-0.80328798,0.36572999,-2.507041
3.6872761,-0.84975702,0.318782,-2.4675701
3.6922967,-0.22462501,0.359016,-4.1363769
3.6973173,-0.28138101,0.32124001,-4.1011949
3.7023379,0.044498,0.226008,-4.7288809
3.7073585,-0.015814999,0.203207,-4.7033982
3.7123791,-0.149047,0.016084,-4.078033
3.7173998,-0.2077,-0.017574999,-4.043035
3.7224204,-0.76162398,-0.30393901,-2.742476
3.727441,-0.80373502,-0.31490999,-2.7270379
3.7324617,-1.721339,-0.49105099,-1.5239069
3.7374824,-1.7447701,-0.48843399,-1.522071
3.7425029,-2.661082,-0.51523697,-0.79285401
3.7475235,-2.6706419,-0.509161,-0.79605198
3.7525441,-3.326782,-0.461761,-0.71045297
3.7575647,-3.3296399,-0.45898399,-0.71216297
3.7625854,-3.39696,-0.46019,-1.191998
3.7676061,-3.4014211,-0.46189901,-1.189868
3.7726268,-2.7725289,-0.39541399,-1.393604
3.7776474,-2.7868099,-0.397995,-1.389038
3.782668,-1.84297,-0.280029,-1.337533
3.7876886,-1.869013,-0.281066,-1.331961
3.7927092,-0.97151899,-0.033998001,-1.086128
3.7977299,-1.00704,-0.032949001,-1.080165
3.8027505,-0.316185,0.192352,-0.72687399
3.8077711,-0.35667601,0.194673,-0.72053099
3.8127917,-0.066009998,0.321114,-0.58642101
3.8178124,-0.106971,0.32202101,-0.57839298
3.822833,-0.27965999,0.43118,-0.57872301
3.8278536,-0.317918,0.429037,-0.56841302
3.8328742,-0.84685999,0.443584,-0.66719103
3.8378948,-0.88077903,0.43765399,-0.65445799
3.8429154,-1.653113,0.34981301,-0.88012999
3.847936,-1.683161,0.34026501,-0.86507201
3.8529567,-2.2781351,0.209416,-1.119745
3.8579773,-2.309648,0.19881099,-1.10313
3.8629979,-2.4468269,0.167219,-1.1124229
3.8680188,-2.249824,0.185046,-1.047004
3.8730394,-2.2922649,0.177754,-1.029559
3.87806,-1.9452569,0.140227,-0.83580703
3.8830806,-1.993423,0.13786601,-0.82021701
3.8881012,-1.4198329,-0.025525,-0.29814199
3.8931218,-1.4721659,-0.019477,-0.28758299
3.8981424,-0.38352999,-0.240858,0.78578699
3.9031631,-0.441064,-0.22440501,0.79019499
3.9081837,0.49631,-0.37169799,1.9092
3.9132043,0.439127,-0.349897,1.9101
3.9182249,0.83091003,-0.464872,2.646816
3.9232456,0.77888,-0.442707,2.6466351
3.9282661,0.98292601,-0.658481,3.2817509
3.9332867,0.93585497,-0.63686401,3.2810791
3.9383074,0.93245101,-0.76883399,3.7851629
3.943328,0.89068103,-0.75039101,3.785778
3.9483487,0.68309498,-0.58013999,3.8887241
3.9533693,0.64826798,-0.56843299,3.892611
3.9583899,0.35168499,-0.38424501,3.4846809
3.9634105,0.322907,-0.378952,3.4916861
3.9684311,0.106372,-0.495718,2.7650969
3.9734517,0.079357997,-0.492562,2.773351
3.9784725,0.32102901,-0.95342398,2.2160859
3.9834932,0.28814799,-0.94513202,2.222863
3.9885138,0.91481102,-1.715377,2.3265159
3.9935344,0.87157601,-1.694335,2.3278351
3.998555,1.455935,-2.2530899,3.2865961
4.0035756,1.408278,-2.2204969,3.2813981
4.0085962,1.602113,-2.4559181,4.7347932
4.0136169,1.55857,-2.419131,4.7254329
4.0186375,1.372326,-2.6459479,5.8920979
4.0236581,1.337577,-2.613682,5.8830628
4.0286788,0.59866899,-2.7447641,5.9685822
4.0336994,0.572411,-2.7238209,5.964766
4.03872,-0.42238799,-2.56481,5.2197528
4.0437406,-0.44342399,-2.5563371,5.2231622
4.0487613,-1.389709,-2.40832,3.848295
4.0537819,-1.409125,-2.4072101,3.856626
4.0588025,-1.726853,-2.4804969,2.900929
4.0638231,-1.750783,-2.476547,2.9094069
4.0688437,-1.361223,-2.787205,2.2730329
4.0738643,-1.395653,-2.77141,2.2779131
4.078885,-0.64442801,-3.1287949,2.2035151
4.0839058,-0.68831098,-3.0969999,2.2016301
4.0889263,0.063023999,-3.4291821,2.597594
4.093947,0.017720001,-3.383352,2.5870011
4.0989675,0.36884099,-3.6356649,2.8161931
4.1039882,0.32993501,-3.5817921,2.7976761
4.1090088,0.27640399,-3.6649079,2.4504681
4.1140294,0.247741,-3.6086831,2.4261711
4.11905,-0.081432998,-3.353668,1.6180021
4.1240706,-0.098856002,-3.2995839,1.5903749
4.1290913,-0.69235098,-2.8577781,0.70511001
4.1341119,-0.69697899,-2.808517,0.67489898
4.1391325,-1.306561,-2.417798,-0.176597
4.1441532,-1.300022,-2.3740151,-0.208298
4.1491738,-1.840186,-2.0751779,-1.065192
4.1541944,-1.8253829,-2.036849,-1.09699
4.159215,-2.2910199,-1.671066,-1.923797
4.1642356,-2.2703209,-1.639282,-1.9539
4.1692563,-2.565742,-1.230159,-2.700599
4.1742769,-2.5442979,-1.2039469,-2.727154
4.1792976,-2.5066891,-0.85327202,-3.161694
4.1843183,-2.489882,-0.82671601,-3.185745
4.1893389,-2.133229,-0.660788,-2.9708791
4.1943596,-2.1211891,-0.62536001,-2.997375
4.1993802,-1.821781,-0.77197701,-2.120609
4.2044008,-1.808018,-0.72248501,-2.1552479
4.2094214,-1.711886,-0.993294,-1.183794
4.214442,-1.692541,-0.933137,-1.225762
4.2194626,-1.823038,-1.242298,-0.32025
4.2244833,-1.795529,-1.1768939,-0.367136
4.2295039,-2.1464419,-1.360248,0.57121098
4.2345246,-2.1106689,-1.295326,0.52276403
4.2395452,-2.3250079,-1.241289,1.72653
4.2445658,-2.2869711,-1.18305,1.6822031
4.2495864,-1.818028,-1.0214421,3.385812
4.254607,-1.789826,-0.97696501,3.353426
4.2596276,-0.95643699,-0.880346,4.2836342
4.2646483,-0.94677502,-0.85934502,4.2701502
4.269669,-0.029030999,-0.64738899,4.1397882
4.2746897,-0.040378999,-0.65544802,4.1480861
4.2797103,1.101046,-0.442572,3.289129
4.284731,1.069103,-0.491409,3.3249869
4.2897516,1.850962,-0.24585301,1.580749
4.2947722,1.810971,-0.31717801,1.632261
4.2997928,2.008539,0.124304,-0.72073799
4.3048134,1.96659,0.037229002,-0.65782797
4.3098341,1.642579,0.67785299,-3.392168
4.3148547,1.602339,0.58476198,-3.3233509
4.3198753,0.92810601,1.141884,-6.1028342
4.3248959,0.88875699,1.056584,-6.0351281
4.3299166,0.126959,1.262928,-8.0592346
4.3349372,0.090248004,1.199839,-8.003006
4.3399578,0.079095997,1.089046,-8.6739626
4.3449785,0.014264,1.006466,-8.5871735
4.3499991,-0.24569,1.117493,-7.472856
4.3550197,-0.28806201,1.073552,-7.4202318
4.3600403,-0.46032801,0.687904,-4.992774
4.3650609,-0.467282,0.68989301,-4.9902
4.3700817,-0.687424,-0.150125,-2.166755
4.3751024,-0.65880299,-0.091289997,-2.221333
4.380123,-1.132246,-0.70636499,0.314271
4.3851436,-1.084788,-0.63383198,0.243249
4.3901642,-1.666809,-0.72117501,2.3302989
4.3951849,-1.6069061,-0.64545602,2.2544661
4.4002055,-2.1309941,-0.42554101,3.5043869
4.4052261,-2.068404,-0.355369,3.4341841
4.4102468,-2.189234,-0.242672,4.0325432
4.4152674,-2.131314,-0.18482099,3.9744
4.420288,-1.664372,-0.314284,3.8137691
4.4253087,-1.618578,-0.27251199,3.771606
4.4303293,-0.726614,-0.36396,2.948199
4.4353499,-0.68717599,-0.330127,2.9139969
4.4403705,0.28571099,-0.26155901,1.766161
4.4453911,0.29522499,-0.24671599,1.754699
4.4504119,0.96080399,-0.094311997,0.60512102
4.4554326,0.94102001,-0.096873999,0.614788
4.4604532,1.231342,0.079016998,-0.61804998
4.4654738,1.189419,0.061503999,-0.59099901
4.4704944,0.937796,0.34722501,-1.644915
4.4755151,0.888614,0.31782001,-1.607638
4.4805357,0.222124,0.62291402,-2.2743461
4.4855564,0.18236899,0.58682603,-2.2367499
4.490577,-0.735623,0.881612,-2.373297
4.4955976,-0.753443,0.84365797,-2.3441701
4.5006182,-1.786052,1.0600359,-2.215317
4.5056388,-1.77654,1.022373,-2.198878
4.5106595,-2.7233751,1.14882,-2.0417869
4.5156801,-2.689657,1.1112339,-2.0363791
4.5207008,-3.5966091,1.12077,-2.2367749
4.5257215,-3.545316,1.0806969,-2.2372739
4.5307421,-4.0733562,1.0783859,-2.850323
4.5357628,-4.050621,1.066468,-2.853539
4.5407834,-4.0431828,1.0796421,-3.5728271
4.545804,-4.023006,1.070897,-3.5766201
4.5508246,-3.4949479,1.0118769,-4.2296972
4.5558452,-3.4785349,1.008359,-4.234818
4.5608659,-2.791374,0.96744901,-4.6551728
4.5658866,-2.778259,0.97089702,-4.6629009
4.5709072,-1.983445,0.98049498,-4.7632551
4.5759278,-1.972205,0.99111199,-4.7743168
4.5809484,-1.217247,0.90444899,-4.8562918
4.585969,-1.207468,0.92125702,-4.8702288
4.5909896,-0.87799001,0.704018,-4.8374481
4.5960102,-0.87078297,0.72705799,-4.8537159
4.601031,-0.97293103,0.56391603,-4.1543732
4.6060517,-0.97024399,0.564614,-4.1559038
4.6110723,-1.1894161,0.459077,-2.7271161
4.6160929,-1.178498,0.47419599,-2.7402661
4.6211135,-1.495526,0.233588,-1.255995
4.6261342,-1.477571,0.25670299,-1.2763259
4.6311548,-1.820824,-0.025957,-0.32102501
4.6361754,-1.7979079,-0.0045179999,-0.342089
4.641196,-2.0381811,-0.32335401,-0.321839
4.6462167,-2.0121651,-0.309558,-0.339636
4.6512373,-2.1376729,-0.497419,-0.91534501
4.6562579,-2.1084111,-0.49211901,-0.92954201
4.6612785,-2.12989,-0.494894,-1.626058
4.6662992,-2.1130641,-0.49008101,-1.635034
4.6713198,-2.2225299,-0.375572,-2.1548359
4.6763404,-2.200834,-0.37056601,-2.1656289
4.6813612,-2.654906,-0.462311,-2.002574
4.6863819,-2.63344,-0.45402101,-2.0148749
4.6914025,-2.9077339,-0.55416101,-1.254185
4.6964231,-2.8892939,-0.54356301,-1.266449
4.7014437,-2.523876,-0.75604999,-0.74117202
4.7064643,-2.5120671,-0.74723798,-0.75000799
4.711485,-1.533074,-1.51539,-1.109938
4.7165056,-1.537738,-1.508168,-1.112043
4.7215262,-0.220589,-2.4011531,-2.538188
4.7265469,-0.259141,-2.371942,-2.539434
4.7315675,1.260664,-2.643966,-3.2405701
4.7365881,1.212099,-2.604454,-3.2425039
4.7416087,2.8677461,-2.3958881,-1.839612
4.7466293,2.814178,-2.324964,-1.854009
4.7516501,4.238008,-2.3623099,1.31703
4.7566708,4.2044291,-2.2673731,1.285488
4.7616912,4.3428359,-2.7454219,5.3616471
4.7667118,4.3419118,-2.6422,5.3162122
4.7717325,3.0203991,-3.099236,8.8945885
4.7767532,3.047029,-3.0051179,8.8451815
4.7817738,0.58679497,-3.2012291,10.329576
4.7867945,0.630997,-3.1293659,10.284882
4.7918151,-1.6249059,-3.207144,9.9185343
4.7968358,-1.5719481,-3.162205,9.8826437
4.8018564,-2.921273,-2.8865581,8.2387896
4.806877,-2.843343,-2.8410299,8.1959658
4.8118976,-3.212204,-2.090127,5.8879108
4.8169182,-3.169065,-2.0888591,5.8735771
4.821939,-2.6781659,-1.363772,3.610949
4.8269597,-2.650548,-1.372492,3.6053541
4.8319801,-1.791432,-0.92313302,1.556058
4.8370007,-1.78019,-0.93323201,1.556146
4.8420214,-1.052237,-0.58267599,0.013361
4.8470421,-1.052166,-0.58779001,0.015152
4.8520628,-0.49524599,-0.30973801,-0.52098697
4.8570834,-0.49897099,-0.30385599,-0.52192301
4.862104,0.18243,-0.219144,0.025077
4.8671246,0.171335,-0.201501,0.022317
4.8721452,0.66434503,-0.25311199,1.276783
4.8771659,0.65257901,-0.226688,1.271323
4.8821865,0.56551498,-0.19847301,2.619355
4.8872071,0.55729699,-0.17280599,2.613229
4.8922278,0.112754,-0.235799,3.518914
4.8972485,0.107622,-0.218006,3.5145941
4.9022691,-0.39815101,-0.348784,3.5040751
4.9072898,-0.402392,-0.34114799,3.502888
4.9123104,-0.82384998,-0.32983401,2.8374791
4.917331,-0.82585198,-0.33150199,2.8386641
4.9223516,-1.08381,-0.234317,2.1005371
4.9273722,-1.080781,-0.240398,2.1015949
4.9323929,-1.077567,-0.083255,1.46083
4.9374135,-1.06774,-0.089745998,1.4598989
4.9424342,-1.010618,0.123054,1.007875
4.9474548,-0.99087697,0.117771,1.003498
4.9524754,-0.83525902,0.32304001,0.69385499
4.957496,-0.805834,0.320043,0.68587399
4.9625166,-0.75019401,0.449788,0.57328999
4.9675372,-0.71205801,0.450028,0.56188297
4.972558,-0.75384402,0.640028,0.64509302
4.9775787,-0.71897399,0.64672101,0.63283998
4.9825993,-0.72630101,0.72051102,0.96402502
4.9876199,-0.68626499,0.72599298,0.951092
4.9926405,-0.25560901,0.61517799,1.496954
4.9976612,-0.22726101,0.62402302,1.486412
5.0026818,0.421693,0.47933,2.0762761
5.0077024,0.43645,0.488309,2.069453
5.0127231,0.71433997,0.514566,2.5314779
5.0177437,0.72119701,0.51784003,2.528621
5.0227643,0.40714899,0.47140601,2.4649019
5.0277849,0.41228399,0.46583,2.4653699
5.0328057,-0.29293001,0.30176699,1.702957
5.0378264,-0.28546599,0.28733799,1.7057281
5.042847,-1.11577,0.231177,0.39229301
5.0478676,-1.103948,0.21057899,0.39606699
5.0528882,-1.6914099,0.34759501,-0.971322
5.0579088,-1.676425,0.325129,-0.96757299
5.0629295,-1.840748,0.506414,-2.0309229
5.0679501,-1.826326,0.48851201,-2.02843
5.0729707,-1.593152,0.62290698,-2.4739571
5.0779913,-1.583034,0.61688697,-2.4743941
5.083012,-1.064225,0.55951899,-2.2448299
5.0880326,-1.059774,0.57249701,-2.2503819
5.0930532,-0.35694599,0.443946,-1.342324
5.0980739,-0.35685101,0.47705901,-1.353507
5.1030946,0.27590001,0.413995,-0.200886
5.1081153,0.278579,0.46450901,-0.218014
5.1131359,0.74981898,0.39018801,0.796049
5.1181566,0.75563502,0.443113,0.77805102
5.1231772,1.138366,0.33454999,1.47637
5.1281978,1.145712,0.38393801,1.459743
5.1332184,1.501164,0.4761,1.51332
5.138239,1.499637,0.51846099,1.501408
5.1432597,1.465377,0.85399199,0.69519901
5.1482803,1.462337,0.88443601,0.687356
5.1533009,1.001253,1.0117019,-0.360596
5.1583216,1.000819,1.035342,-0.367008
5.1633422,0.38210201,0.78583902,-1.245836
5.1683628,0.386608,0.81119502,-1.25376
5.1733834,-0.45972601,0.73320401,-1.489266
5.178404,-0.44755399,0.76359397,-1.500147
5.1834248,-1.1873209,0.76829702,-0.750166
5.1884455,-1.1718431,0.805897,-0.76335198
5.1934661,-1.502314,0.70969999,0.410234
5.1984867,-1.4954211,0.75096202,0.398525
5.2035074,-1.439561,0.64233702,1.5140409
5.208528,-1.450654,0.68014598,1.507638
5.2135487,-1.083778,0.73571497,2.5083201
5.2185693,-1.116183,0.76275998,2.509681
5.2235899,-0.257725,0.67902303,3.1120219
5.2286105,-0.31785101,0.69285899,3.123549
5.2336311,0.87554997,0.62698698,3.1626921
5.2386517,0.80565101,0.62543899,3.181098
5.2436725,1.921577,0.6911,2.672986
5.2486932,1.851676,0.676314,2.695554
5.2537138,2.4016149,0.65595299,1.7418571
5.2587345,2.3436961,0.63106298,1.764461
5.2637551,2.048645,0.53520101,0.65075302
5.2687757,1.997172,0.50146002,0.67444801
5.2737963,0.94905698,0.47434601,-0.43519399
5.2788169,0.92480999,0.43387899,-0.41751701
5.2838376,-0.34041601,0.53297102,-1.404528
5.2888582,-0.33893001,0.48606601,-1.392786
5.2938788,-1.393291,0.77319402,-2.3383889
5.2988995,-1.375213,0.71968502,-2.3294661
5.3039202,-1.940891,1.074191,-2.9258101
5.3089409,-1.9218529,1.018117,-2.9156671
5.3139615,-1.898605,1.2675591,-2.9103539
5.3189821,-1.897227,1.218565,-2.8961511
5.3240027,-0.89302599,0.994681,-2.0987091
5.3290234,-0.925529,0.96644598,-2.0798521
5.334044,0.992392,0.38134199,-0.695952
5.3390647,0.92305398,0.379491,-0.67272198
5.3440852,3.4990399,0.026153,1.5236779
5.3491058,3.4284911,0.037363,1.544426
5.3541265,5.2487011,-0.022600001,3.62888
5.3591471,5.1649022,-0.0042590001,3.6535089
5.3641678,5.4079261,-0.107867,5.2517018
5.3691884,5.3556461,-0.098796003,5.2687201
5.374209,4.2714539,-0.26057899,5.3817139
5.3792296,4.2472219,-0.25759801,5.3902321
5.3842504,1.734455,-0.23122901,3.6549251
5.3892711,1.765718,-0.260784,3.652015
5.3942917,-0.499515,-0.018913001,1.075561
5.3993124,-0.44303,-0.066533998,1.069592
5.4043329,-2.143173,0.36388201,-1.216872
5.4093535,-2.0786901,0.31738499,-1.224788
5.4143742,-2.8758259,0.86704898,-3.0477631
5.4193948,-2.813498,0.82742703,-3.055856
5.4244154,-2.852124,1.479676,-4.1382499
5.4294361,-2.802485,1.450882,-4.1447611
5.4344567,-2.3297579,2.074687,-4.5859408
5.4394773,-2.2837291,2.011266,-4.5778489
5.444498,-1.530862,2.394505,-4.4864478
5.4495187,-1.511745,2.3437769,-4.473474
5.4545393,-0.76907498,2.4144571,-3.9333739
5.45956,-0.76866102,2.3805079,-3.9204371
5.4645806,-0.223731,2.247205,-3.000725
5.4696012,-0.230794,2.2304511,-2.991941
5.4746219,-0.074192002,1.9218121,-1.96582
5.4796425,-0.079568997,1.920122,-1.963447
5.4846631,-0.42234299,1.429776,-0.76131201
5.4896837,-0.41878,1.441624,-0.76707703
5.4947045,-1.087244,1.065124,0.654558
5.4997252,-1.0716569,1.086368,0.641469
5.5047458,-1.748181,0.89984101,2.287564
5.5097664,-1.720961,0.92421001,2.2699649
5.514787,-2.17101,0.88387901,3.7159541
5.5198077,-2.134865,0.90293998,3.698066
5.5248283,-2.264432,0.95710403,4.2366872
5.529849,-2.2204709,0.96354699,4.2216301
5.5348696,-1.9324681,1.116785,3.914938
5.5398902,-1.881737,1.107123,3.9044161
5.5449108,-1.463259,1.305141,2.8943789
5.5499314,-1.407571,1.279929,2.888963
5.5549521,-1.153846,1.382677,1.67381
5.5599727,-1.108555,1.3533061,1.673344
5.5649933,-0.98967999,1.171144,0.81157398
5.5700139,-0.94150299,1.139205,0.81207001
5.5750347,-0.95061499,0.819902,0.58545798
5.5800554,-0.90287101,0.78798401,0.58679599
5.585076,-1.0478311,0.57396197,1.0581
5.5900966,-1.002805,0.54058701,1.061354
5.5951172,-1.259057,0.33977401,1.844433
5.6001379,-1.218879,0.30026701,1.851921
5.6051585,-1.440171,0.085496999,2.3102851
5.6101791,-1.405609,0.033902001,2.3247361
5.6151999,-1.533468,-0.049253002,2.041626
5.6202206,-1.502211,-0.116385,2.064472
5.625241,-1.596212,-0.33461601,1.061924
5.6302616,-1.567026,-0.41531301,1.092796
5.6352824,-1.733133,-0.63944298,-0.49631101
5.640303,-1.707167,-0.72690302,-0.45962501
5.6453237,-1.9488389,-0.79066598,-1.841167
5.6503443,-1.927336,-0.87625998,-1.802359
5.6553649,-2.0857971,-0.74517,-2.6185851
5.6603856,-2.070339,-0.82170898,-2.5813501
5.6654062,-2.1849771,-0.50669301,-2.9242339
5.6704268,-2.1756499,-0.56992698,-2.8915119
5.6754474,-2.1737709,-0.287761,-2.95783
5.680468,-2.169395,-0.33460701,-2.9323399
5.6854888,-1.9296989,-0.355149,-2.741672
5.6905095,-1.909801,-0.39696199,-2.721132
5.6955301,-1.338748,-0.89697099,-2.249651
5.7005507,-1.329488,-0.91052699,-2.243361
5.7055713,-0.74185997,-1.535233,-1.474496
5.710592,-0.74112898,-1.518188,-1.484543
5.7156126,-0.021771999,-2.1410649,-0.102346
5.7206333,-0.026901999,-2.095192,-0.12764899
5.7256539,0.90190798,-2.843431,1.8471791
5.7306745,0.89445102,-2.775202,1.810788
5.7356951,1.812079,-3.5967309,3.783335
5.7407157,1.805722,-3.517452,3.7424691
5.7457365,2.2945001,-4.1395001,5.0919509
5.7507572,2.2928929,-4.0615878,5.0528131
5.7557778,2.2656701,-4.4630961,5.4631882
5.7607984,2.2683139,-4.3949628,5.4297099
5.765819,2.0558009,-4.3889251,4.748898
5.7708397,2.0581069,-4.335485,4.7235212
5.7758603,1.887656,-4.018023,3.26173
5.7808809,1.885215,-3.979588,3.2446539
5.7859016,1.762233,-3.6157291,1.412384
5.7909222,1.735978,-3.553745,1.3893631
5.7959428,1.704917,-3.2478421,-0.31331399
5.8009634,1.6658961,-3.1926451,-0.33003801
5.8059842,1.620162,-3.036509,-1.509697
5.8110049,1.573064,-2.979068,-1.524696
5.8160255,1.489169,-2.9080811,-1.88766
5.8210461,1.44291,-2.840909,-1.905377
5.8260667,1.4944921,-2.9148171,-0.99747598
5.8310873,1.4764529,-2.8589511,-1.0154001
5.836108,1.854921,-2.973947,0.61408502
5.8411287,1.836715,-2.9105639,0.59430301
5.8461493,2.2747359,-2.7950261,2.323287
5.8511699,2.252238,-2.735538,2.306824
5.8561905,2.715095,-2.3839641,3.8909731
5.8612111,2.685159,-2.33952,3.8821399
5.8662317,3.2908101,-1.8378381,4.8798318
5.8712524,3.251045,-1.8165489,4.8815298
5.8762731,3.770278,-1.072459,5.2754598
5.8812938,3.7276111,-1.0824341,5.2887268
5.8863144,3.894999,-0.27348599,4.162806
5.891335,3.873884,-0.33083901,4.187664
5.8963557,3.210721,0.35414299,1.568921
5.9013763,3.1991241,0.27108899,1.601892
5.906397,2.3229389,0.79491198,-1.824301
5.9114176,2.318558,0.69999403,-1.786597
5.9164382,1.309377,1.124244,-4.7765298
5.9214588,1.305403,1.033334,-4.7382188
5.9264795,0.24900299,1.580688,-6.8703222
5.9315003,0.240971,1.506348,-6.8360758
5.9365208,-0.52914399,2.041512,-7.8102269
5.9415415,-0.559407,1.927021,-7.7489991
5.9465621,-0.87178397,2.259212,-7.5905261
5.9515827,-0.90627301,2.177871,-7.5408359
5.9566034,-0.83800101,1.899694,-5.9396329
5.961624,-0.87472498,1.864846,-5.911284
5.9666446,-0.50599402,0.99568403,-3.3042691
5.9716652,-0.54086101,1.014338,-3.303489
5.9766859,-0.46056101,0.268875,-0.14435101
5.9817065,-0.48958099,0.328866,-0.165557
5.9867272,-0.92748898,-0.039574001,3.015233
5.9917479,-0.93910998,0.029121,2.9856751
5.9967686,-1.888279,-0.14401001,5.3430481
6.0017892,-1.886768,-0.083563,5.3145981
6.0068099,-3.1406159,-0.096442997,6.5425138
6.0118305,-3.1298399,-0.056278002,6.5212569
6.0168511,-3.9144609,0.17195199,6.5121489
6.0218717,-3.8665659,0.194731,6.4882751
6.0268924,-3.9322209,0.74322999,5.1531959
6.031913,-3.9183421,0.72365499,5.1578212
6.0369337,-3.4676509,1.6205961,2.9682
6.0419544,-3.4885571,1.57479,2.994679
6.046975,-2.8600719,2.5174589,0.35589799
6.0519957,-2.884527,2.4607191,0.38933599
6.0570163,-2.1283579,3.2138901,-2.0730829
6.0620369,-2.149538,3.1565499,-2.0391679
6.0670575,-1.600873,3.506505,-3.7768309
6.0720781,-1.599607,3.4112079,-3.7295389
6.0770988,-1.643205,3.3536479,-4.4576082
6.0821194,-1.62445,3.268604,-4.4184918
6.08714,-2.4210219,2.739346,-3.8361089
6.0921606,-2.371892,2.6757951,-3.8159649
6.0971814,-3.282891,1.66197,-2.0047231
6.1022021,-3.2044449,1.628031,-2.007993
6.1072227,-3.9791541,0.53442699,0.271768
6.1122433,-3.8827169,0.52341598,0.252749
6.117264,-4.529695,-0.509857,2.352798
6.1222846,-4.4639611,-0.52079999,2.3432729
6.1273053,-5.0571942,-1.5005881,4.148056
6.1323259,-4.995235,-1.526538,4.1489072
6.1373465,-5.2289939,-2.3892519,5.3279839
6.1423671,-5.1744528,-2.438916,5.3450999
6.1473877,-5.3828168,-3.0624111,5.3166509
6.1524084,-5.3379021,-3.139087,5.35322
6.1574291,-5.3875132,-2.988776,4.2025189
6.1624498,-5.3551831,-3.0889101,4.258564
6.1674704,-4.802104,-2.605818,2.4907401
6.1724911,-4.7851672,-2.724,2.5654011
6.1775117,-3.934058,-2.6747811,-0.237496
6.1825323,-3.9366031,-2.799216,-0.14951199
6.187553,-3.207989,-2.936991,-3.5732601
6.1925736,-3.238754,-3.049922,-3.482383
6.1975942,-2.2590621,-2.51577,-6.3021808
6.2026148,-2.315459,-2.6010849,-6.222312
6.2076355,-0.937424,-1.481531,-7.204762
6.2126563,-1.011439,-1.524946,-7.1513662
6.2176769,0.59887397,-1.456215,-5.938096
6.2226975,0.50274098,-1.486197,-5.887661
6.2277181,1.695328,-2.6834531,-2.9939311
6.2327387,1.617088,-2.638458,-3.0093141
6.2377594,1.7728,-4.0311532,0.37913099
6.24278,1.755602,-3.967195,0.33229199
6.2478006,1.130554,-4.7645741,2.9708121
6.2528212,1.129564,-4.6880989,2.9113281
6.2578419,0.40255699,-5.1046209,4.619236
6.2628625,0.40766099,-5.0248361,4.558033
6.2678832,-0.105938,-5.2952681,5.2142568
6.272904,-0.099884003,-5.2177572,5.1569762
6.2779246,-0.261327,-5.39147,5.301125
6.2829452,-0.25455001,-5.3193512,5.2496338
6.2879659,-0.196776,-5.366354,5.2400541
6.2929865,-0.188389,-5.3041329,5.196537
6.2980071,-0.16999599,-5.0024219,4.5021982
6.3030277,-0.158805,-4.9142122,4.4428329
6.3080483,-0.383237,-4.2424212,2.9012599
6.313069,-0.37538499,-4.1750751,2.857965
6.3180896,-0.71704698,-3.5887899,1.176307
6.3231102,-0.71702302,-3.540175,1.147453
6.328131,-0.905846,-3.2633259,-0.289139
6.3331517,-0.92072898,-3.2268569,-0.306449
6.3381723,-1.075919,-3.172909,-1.130615
6.3431929,-1.108656,-3.141567,-1.139861
6.3482135,-1.148687,-3.3664999,-1.154721
6.3532342,-1.199689,-3.3332331,-1.159459
6.3582548,-0.81031799,-3.579437,-0.41745499
6.3632754,-0.88252902,-3.572731,-0.40031099
6.368296,-0.026826,-3.586668,0.37191999
6.3733166,-0.108822,-3.5835409,0.395551
6.3783374,0.93879902,-3.3464379,1.397208
6.3833581,0.85312599,-3.350548,1.42799
6.3883787,2.1015971,-2.9819119,2.2193649
6.3933993,2.018559,-2.9983721,2.2583399
6.3984199,2.97294,-2.524915,2.2947471
6.4034405,2.897449,-2.5582359,2.342881
6.4084612,3.231745,-1.923665,1.421423
6.4134819,3.1672111,-1.975685,1.478758
6.4185025,2.7133,-1.452002,-0.44218299
6.4235231,2.6599309,-1.51846,-0.37784299
6.4285438,2.0480821,-1.35885,-3.0337059
6.4335645,2.0019259,-1.4286799,-2.967366
6.4385852,1.178579,-1.181392,-5.4857459
6.4436058,1.13427,-1.23993,-5.425106
6.4486264,0.17594901,-0.72156203,-7.0893011
6.453647,0.13257299,-0.757393,-7.0430279
6.4586677,-0.88919502,-0.092726998,-7.2934589
6.4636883,-0.953453,-0.144871,-7.2224078
6.468709,-1.669804,0.024733,-5.3152022
6.4737296,-1.7167391,0.017785,-5.285182
6.4787503,-1.278363,-0.62618297,-1.974484
6.483771,-1.327255,-0.56564301,-1.993147
6.4887916,-0.245792,-1.465183,1.912276
6.4938123,-0.29947999,-1.3909481,1.888332
6.4988329,1.012683,-1.8094389,5.0541282
6.5038535,0.95200002,-1.738608,5.0389738
6.5088741,1.611372,-1.441152,6.467433
6.5138948,1.552123,-1.389179,6.466485
6.5189154,1.3977619,-0.75997102,6.080925
6.523936,1.351209,-0.71297002,6.0773659
6.5289568,0.437902,-0.111423,4.2787719
6.5339775,0.403285,-0.090667002,4.2860918
6.5389981,-0.85759002,0.197192,2.1097071
6.5440187,-0.87793702,0.198318,2.1214409
6.5490393,-2.1371379,0.56798601,0.15594999
6.5540599,-2.1431341,0.555318,0.16800401
6.5590806,-3.3313651,1.214027,-1.221806
6.5641012,-3.321425,1.191465,-1.212905
6.5691219,-4.4409518,1.9370559,-1.8530329
6.5741425,-4.4163451,1.912128,-1.851307
6.5791631,-5.3385749,2.580219,-1.7284091
6.5841837,-5.3051929,2.5619321,-1.736156
6.5892045,-5.9732919,2.9614861,-0.70603001
6.5942252,-5.9355578,2.9556701,-0.72443599
6.5992458,-6.0649152,2.7312269,0.70281601
6.6042664,-6.027452,2.7376001,0.67683101
6.6092871,-6.0264521,2.073127,2.0525429
6.6143077,-6.0381188,2.103966,2.0387089
6.6193283,-5.9217429,1.479302,2.9894991
6.624349,-5.9360018,1.505197,2.980732
6.6293696,-5.2357712,0.82853103,3.6646881
6.6343902,-5.2521968,0.84672701,3.66241
6.639411,-4.0886569,-0.013483,4.2068582
6.6444317,-4.1042871,-0.005446,4.210814
6.6494523,-3.2007771,-0.664545,4.6031108
6.6544729,-3.2105739,-0.67037898,4.6126652
6.6594935,-2.98347,-0.95046002,4.6010551
6.6645141,-2.9834189,-0.974154,4.616497
6.6695348,-3.4024019,-0.95746601,3.6517
6.6745555,-3.3944869,-1.0000679,3.6753421
6.6795761,-4.0237942,-0.847009,2.175869
6.6845967,-4.0142121,-0.90359497,2.208878
6.6896174,-4.545342,-0.92120099,0.45661199
6.6946381,-4.5364079,-0.98370802,0.49551001
6.6996588,-4.994215,-1.1750751,-1.245127
6.7046794,-4.9908109,-1.2345231,-1.203586
6.7097,-5.3153129,-1.415951,-2.5508251
6.7147206,-5.3206182,-1.463979,-2.5111921
6.7197413,-5.2136269,-1.555195,-3.091466
6.7247619,-5.2340589,-1.582005,-3.057915
6.7297825,-4.211144,-1.906249,-2.4577799
6.7348032,-4.2450218,-1.9055001,-2.43682
6.7398239,-2.468591,-2.6852479,-0.57564503
6.7448446,-2.5079279,-2.6588631,-0.57081997
6.7498652,-0.75746697,-3.4486849,1.951825
6.7548859,-0.79163599,-3.4064071,1.941632
6.7599065,0.17778499,-3.9306009,4.0639729
6.7649272,0.154548,-3.884248,4.0443029
6.7699478,0.195035,-4.0206399,5.0318732
6.7749684,0.184432,-3.976824,5.0065141
6.779989,-0.51147801,-3.817549,4.909049
6.7850096,-0.50901401,-3.7766249,4.8778791
6.7900304,-1.309315,-3.7739041,4.2824831
6.7950511,-1.294217,-3.7315149,4.2428331
6.8000717,-1.883518,-4.0913301,3.6856899
6.8050923,-1.856734,-4.0436678,3.6361029
6.8101129,-2.4210241,-4.3352308,3.428746
6.8151335,-2.384999,-4.2816038,3.371139
6.8201542,-2.9322319,-4.5034909,3.569689
6.8251748,-2.8912411,-4.4462452,3.5089369
6.8301955,-3.2021129,-4.6328378,3.7004499
6.8352161,-3.1626999,-4.5758309,3.6430349
6.8402368,-3.0643129,-4.7501788,3.536751
6.8452575,-3.0326059,-4.6970782,3.4879489
6.8502781,-2.5756891,-4.6421161,3.138324
6.8552988,-2.555691,-4.5958409,3.1012461
6.8603194,-1.9079469,-4.4605742,2.6110401
6.8653401,-1.9015011,-4.423625,2.5872681
6.8703607,-1.217975,-4.3531599,1.809095
6.8753813,-1.227425,-4.325151,1.799113
6.8804019,-0.61392897,-4.3745899,1.091997
6.8854225,-0.64121997,-4.3518209,1.094728
6.8904431,0.108487,-4.3347998,0.98299098
6.8954637,0.066321,-4.3133941,0.99505401
6.9004845,0.928725,-4.05059,1.554108
6.9055052,0.87794799,-4.0301461,1.572238
6.9105258,1.4026459,-3.4581089,2.5980699
6.9155464,1.350527,-3.44135,2.6197801
6.9205671,1.4158421,-3.021229,3.6527419
6.9255877,1.37038,-3.0128231,3.675658
6.9306084,0.71328801,-2.5385959,4.5889239
6.935629,0.68100399,-2.5426469,4.6108742
6.9406497,-0.49642,-1.6089,5.1823559
6.9456705,-0.510957,-1.629126,5.2021308
6.950691,-1.370343,-0.64060497,4.4112811
6.9557117,-1.36523,-0.677531,4.4279962
6.9607323,-1.909128,-0.59607601,1.610292
6.9657529,-1.888561,-0.64077401,1.622112
6.9707736,-1.989643,-1.018647,-1.14272
6.9757942,-1.958218,-1.055217,-1.1415761
6.9808148,-1.3946919,-0.82004899,-2.6565931
6.9858355,-1.352553,-0.837529,-2.6723211
6.9908562,-0.53856498,0.035471998,-2.6509521
6.9958769,-0.49151099,0.042305999,-2.6828129
7.0008975,0.27366301,0.595653,-0.90636897
7.0059182,0.319175,0.62624699,-0.94969201
7.0109388,1.022118,-0.17820799,2.330698
7.0159595,1.06558,-0.131264,2.2810309
7.0209801,1.450209,-1.507756,6.3731079
7.0260007,1.49018,-1.458392,6.3257451
7.0310213,1.194543,-2.2094619,9.9587021
7.0360419,1.2382621,-2.1489689,9.9053392
7.0410626,0.15683199,-2.171545,10.99327
7.0460832,0.20080601,-2.1400211,10.955667
7.0511039,-0.96444798,-2.1275301,9.6337271
7.0561246,-0.91430199,-2.1268239,9.608779
7.0611453,-1.76659,-2.09777,6.5616431
7.066166,-1.729993,-2.141062,6.5650482
7.0711866,-2.2409589,-1.7670259,3.0785079
7.0762072,-2.1977949,-1.814248,3.08163
7.0812279,-2.3013811,-1.253383,0.340729
7.0862486,-2.249284,-1.293365,0.33708999
7.0912692,-1.998769,-0.87753803,-1.504968
7.0962899,-1.938601,-0.90461302,-1.517777
7.1013105,-1.522686,-0.58690101,-2.4058831
7.1063311,-1.4613971,-0.59939897,-2.4256339
7.1113517,-0.955158,-0.415896,-2.329931
7.1163723,-0.90155602,-0.41570899,-2.3520839
7.121393,-0.148752,-0.40810701,-1.530775
7.1264136,-0.110802,-0.39967501,-1.55021
7.1314342,0.62146997,-0.49710301,-0.44610199
7.1364549,0.64054102,-0.487048,-0.458644
7.1414756,1.137282,-0.56228799,0.469035
7.1464963,1.13231,-0.549631,0.464564
7.1515169,1.190218,-0.37820899,0.88276601
7.1565376,1.178195,-0.37394601,0.885297
7.1615582,0.98667097,-0.27969199,0.68242502
7.1665788,0.97580802,-0.28494301,0.68932998
7.1715995,0.74461102,-0.30261999,0.015615
7.1766201,0.74048501,-0.31479201,0.023419
7.1816407,0.47081301,-0.30012101,-0.89753097
7.1866613,0.47867799,-0.31549701,-0.89277297
7.191682,0.30779701,-0.31707099,-1.66824
7.1967028,0.33937499,-0.328004,-1.6749229
7.2017233,0.092119001,-0.38140401,-2.1962571
7.206744,0.140378,-0.385892,-2.2122369
7.2117646,-0.30136999,-0.42539799,-2.4097221
7.2167853,-0.23787899,-0.423489,-2.4337959
7.2218059,-0.74265099,-0.421404,-2.2812819
7.2268265,-0.66836298,-0.41505301,-2.310122
7.2318473,-1.105768,-0.40765801,-2.071583
7.236868,-1.027228,-0.400204,-2.1007869
7.2418886,-1.420698,-0.49610901,-1.918154
7.2469092,-1.345016,-0.49008399,-1.9441299
7.2519299,-1.574613,-0.71760601,-1.701901
7.2569505,-1.5073611,-0.71510398,-1.722309
7.2619711,-1.544124,-1.009305,-1.430593
7.2669917,-1.4895869,-1.0116251,-1.444153
7.2720123,-1.339503,-1.346881,-1.078275
7.277033,-1.28866,-1.3482029,-1.090699
7.2820537,-1.184759,-1.4743609,-0.62688702
7.2870744,-1.146067,-1.479623,-0.63383102
7.292095,-1.115785,-1.549046,-0.222177
7.2971157,-1.083846,-1.560239,-0.22425701
7.3021363,-1.144169,-1.707916,-0.059510998
7.3071569,-1.115206,-1.725117,-0.057659
7.3121775,-1.23419,-1.838499,-0.207624
7.3171982,-1.205456,-1.860988,-0.202795
7.3222189,-1.374212,-1.655744,-0.411284
7.3272397,-1.34517,-1.683501,-0.40350601
7.3322602,-1.352396,-1.1698821,-0.86596799
7.3372809,-1.3239779,-1.203622,-0.85454297
7.3423016,-1.274341,-0.77625501,-1.546088
7.3473222,-1.2457319,-0.81237102,-1.532925
7.3523428,-1.037627,-0.40437701,-2.2688661
7.3573634,-1.011047,-0.43766999,-2.2562771
7.3623842,-0.68372899,-0.066956997,-2.58375
7.3674049,-0.659657,-0.090173997,-2.5757549
7.3724253,-0.44758299,0.021121001,-2.2760191
7.3774459,-0.42434099,0.017062999,-2.2781849
7.3824667,-0.41373101,-0.15787899,-0.89715499
7.3874874,-0.38951501,-0.13610201,-0.91346997
7.392508,-0.50038898,-0.704036,0.99477297
7.3975286,-0.47739601,-0.659329,0.96685302
7.4025492,-0.450174,-1.424422,3.027597
7.4075699,-0.43494701,-1.364747,2.994148
7.4125905,-0.333397,-1.978609,4.821558
7.4176111,-0.32618499,-1.914663,4.7885008
7.4226319,-0.234231,-2.174953,5.9371548
7.4276526,-0.22814,-2.116956,5.9082899
7.4326732,-0.448358,-2.409421,6.1825609
7.4376938,-0.43494499,-2.3604519,6.1576271
7.4427145,-1.048782,-2.4554679,5.4898062
7.4477351,-1.017895,-2.4163749,5.46733
7.4527557,-1.937965,-2.1162851,4.1865649
7.4577764,-1.881006,-2.08759,4.1656661
7.4627971,-2.828768,-1.523693,2.748296
7.4678178,-2.7465019,-1.504791,2.729614
7.4728384,-3.5181329,-0.92690903,1.34658
7.477859,-3.4466209,-0.92696899,1.338954
7.4828797,-3.896354,-0.61627698,-0.061641
7.4879003,-3.8214109,-0.61650503,-0.068314001
7.492921,-3.9138579,-0.398045,-1.173512
7.4979416,-3.845933,-0.395897,-1.179477
7.5029622,-3.675864,-0.202291,-1.95338
7.5079828,-3.5851271,-0.202113,-1.9583631
7.5130036,-3.1258631,-0.0090349996,-2.0318649
7.5180243,-3.0603919,-0.0038429999,-2.0365081
7.5230449,-2.4361229,0.117515,-1.2670161
7.5280655,-2.3977461,0.131281,-1.273885
7.5330862,-2.0996311,0.135095,0.083949998
7.5381068,-2.0810571,0.155095,0.075143002
7.5431274,-2.1773641,0.034256998,0.983419
7.5481481,-2.149318,0.056377001,0.97383499
7.5531688,-2.4206729,-0.14479899,1.330003
7.5581895,-2.3960159,-0.125019,1.321704
7.5632101,-2.7890041,-0.43562299,1.047726
7.5682308,-2.759603,-0.41870499,1.040834
7.5732514,-3.3291011,-0.702595,0.67702699
7.578272,-3.28844,-0.685736,0.67056
7.5832927,-3.589982,-0.86559403,0.49841401
7.5883133,-3.541034,-0.84664202,0.49175701
7.5933339,-3.648726,-0.95699,0.498932
7.5983545,-3.595274,-0.93536103,0.49200901
7.6033751,-3.3834,-0.98899299,0.48246399
7.6083957,-3.3629701,-0.97583598,0.47816801
7.6134165,-2.838264,-1.1050071,0.46850201
7.6184372,-2.820447,-1.0903651,0.46365601
7.6234578,-2.0496681,-1.111009,0.53497303
7.6284784,-2.0370669,-1.095785,0.52977502
7.6334991,-1.207906,-0.90260899,0.41955
7.6385197,-1.2019351,-0.88875699,0.414628
7.6435403,-0.27341899,-0.79379702,0.29689801
7.6485609,-0.27632001,-0.77924699,0.29135099
7.6535817,0.44354799,-0.85376298,0.26083601
7.6586024,0.432549,-0.835931,0.25378701
7.663623,0.835751,-0.92103899,0.28162
7.6686436,0.81923002,-0.89946699,0.273105
7.6736643,0.80163401,-1.051697,0.52201301
7.6786849,0.78298301,-1.0261329,0.51218897
7.6837055,0.58082801,-1.3417031,0.65446502
7.6887262,0.56186599,-1.312716,0.643686
7.6937469,0.37319499,-1.670966,0.80440199
7.6987676,0.35308599,-1.640277,0.79330301
7.7037882,0.29603201,-1.981928,0.63828599
7.7088088,0.27387899,-1.9527071,0.62795198
7.7138295,0.33197501,-2.0429549,-0.073491998
7.7188502,0.30937099,-2.017921,-0.082160003
7.7238708,0.36627701,-1.760861,-1.0324121
7.7288914,0.34649199,-1.7408611,-1.039176
7.7339121,0.324222,-1.39186,-1.750919
7.7389328,0.308902,-1.373469,-1.756964
7.7439534,0.53228199,-1.158553,-1.8922991
7.7489741,0.518399,-1.1367379,-1.899272
7.7539947,0.911623,-1.100516,-1.1965801
7.7590153,0.89675599,-1.0716929,-1.205544
7.7640359,1.199509,-1.124797,0.17061301
7.7690566,1.1837929,-1.093387,0.161129
7.7740772,1.201857,-0.96682,1.507847
7.7790978,1.184386,-0.94514,1.501492
7.7841185,1.1074491,-0.65367699,1.9842941
7.7891393,1.084785,-0.652529,1.9841
7.7941599,0.942164,-0.333812,1.167209
7.7991805,0.91424102,-0.35885,1.1749279
7.8042011,0.86311698,-0.167988,-0.69891399
7.8092217,0.82884097,-0.21659499,-0.68348801
7.8142424,0.84851301,-0.061928,-2.6908951
7.8192631,0.80583501,-0.12622701,-2.66927
7.8242838,0.880467,0.060656998,-4.3402281
7.8293045,0.830181,-0.011507,-4.3141131
7.8343251,0.86684,0.180766,-5.338254
7.8393458,0.813106,0.111404,-5.31106
7.8443664,0.78120202,0.32149601,-5.5957251
7.8493871,0.72919601,0.26791999,-5.5727401
7.8544077,0.74012703,0.188391,-4.9006662
7.8594283,0.69344801,0.16630401,-4.8889322
7.8644491,0.92611903,-0.51904202,-3.4666669
7.8694698,0.88351399,-0.50028998,-3.4702699
7.8744904,1.170965,-1.29432,-1.955682
7.879511,1.1326931,-1.243825,-1.970838
7.8845316,1.097298,-1.696465,-0.63830298
7.8895522,1.066469,-1.628341,-0.65939999
7.8945729,0.80778497,-1.823747,0.50942397
7.8995935,0.785703,-1.747247,0.48597601
7.9046141,0.40608701,-1.918348,1.4238729
7.9096348,0.392079,-1.838447,1.399999
7.9146555,-0.075303003,-1.920594,2.0607491
7.9196762,-0.081015997,-1.841608,2.0377779
7.9246968,-0.55238199,-1.762172,2.5709169
7.9297175,-0.55053002,-1.688184,2.549942
7.9347381,-1.008026,-1.4489861,2.9373651
7.9397588,-0.99988598,-1.384198,2.919348
7.9447794,-1.380681,-1.193601,3.1926341
7.9498,-1.368785,-1.140504,3.178062
7.9548206,-1.357384,-0.97745401,3.192003
7.9598413,-1.346671,-0.93876499,3.181603
7.964862,-1.075299,-0.62272203,2.5610559
7.9698827,-1.0679671,-0.60095698,2.5552349
7.9749033,-0.73839802,-0.137961,1.601881
7.9799239,-0.73505098,-0.13290501,1.600385
7.9849446,-0.55946797,0.39764699,0.62477702
7.9899653,-0.55899203,0.38852,0.62685502
7.9949859,-0.28834501,0.85422802,-0.216296
8.0000065,-0.29008901,0.83492798,-0.211565
8.0050273,-0.085142002,1.2135611,-0.949651
8.010048,-0.086616002,1.188098,-0.94335198
8.0150686,0.148343,1.335925,-1.257388
8.0200892,0.148743,1.310676,-1.251173
8.0251099,0.239508,1.214433,-1.111794
8.0301305,0.24451201,1.194032,-1.107127
8.0351511,0.068311997,0.87429899,-0.89346099
8.0401717,0.082446001,0.85957599,-0.89103502
8.0451924,-0.32868099,0.49941701,-0.85446602
8.0502131,-0.30360299,0.48983699,-0.85426402
8.0552338,-0.80183399,0.142713,-0.70511502
8.0602544,-0.76638401,0.13887,-0.70709801
8.0652751,-1.0562921,-0.26413,-0.34683201
8.0702957,-1.014397,-0.262539,-0.350418
8.0753163,-1.206535,-0.57184601,0.016378
8.080337,-1.161485,-0.569363,0.012751
8.0853577,-1.194891,-0.67610401,0.062362
8.0903784,-1.149633,-0.67827898,0.060362
8.095399,-1.204416,-0.60603201,-0.117439
8.1004196,-1.171176,-0.62140799,-0.115022
8.1054403,-1.296757,-0.56817698,-0.29594401
8.1104609,-1.265865,-0.589845,-0.29148099
8.1154816,-1.191686,-0.63556999,-0.44174099
8.1205022,-1.165923,-0.66193497,-0.435532
8.1255228,-0.84965497,-0.74003398,-0.56273001
8.1305434,-0.832174,-0.76885599,-0.55530697
8.1355642,-0.28047901,-0.56383801,-0.499524
8.1405849,-0.27137899,-0.59398502,-0.49125299
8.1456055,0.391996,-0.38771901,-0.36526299
8.1506261,0.39311001,-0.41854501,-0.356363
8.1556468,0.828327,-0.30551401,-0.32814699
8.1606674,0.82169098,-0.33551699,-0.31906199
8.1656881,1.22256,-0.40548,-0.47315001
8.1707087,1.196667,-0.43051001,-0.46474701
8.1757294,1.4568321,-0.64341599,-0.82822299
8.1807501,1.422928,-0.66086602,-0.82155198
8.1857707,1.690168,-0.88707501,-0.953053
8.1907914,1.6494631,-0.89173502,-0.94971597
8.195812,1.9353,-1.038211,-0.687823
8.2008327,1.8903331,-1.02644,-0.68896401
8.2058533,2.030812,-1.1380171,0.336299
8.2108739,1.988132,-1.108856,0.33017901
8.2158947,2.1352539,-1.316949,1.710009
8.2209154,2.0975549,-1.2747231,1.7002521
8.225936,2.022754,-1.466802,2.7042539
8.2309566,1.990092,-1.418687,2.6931219
8.2359773,1.81419,-1.4227099,2.9764681
8.2409979,1.785759,-1.3746639,2.9657159
8.2460185,1.613768,-1.27771,2.60109
8.2510391,1.59035,-1.2313679,2.5909829
8.2560599,1.5476969,-1.121326,1.961073
8.2610806,1.530371,-1.075232,1.951017
8.2661012,1.473534,-0.971421,1.430825
8.2711219,1.463889,-0.92356199,1.420104
8.2761425,1.47692,-0.81967998,1.2390701
8.2811632,1.474596,-0.76943302,1.227584
8.2861838,1.474092,-0.59254599,1.280665
8.2912044,1.479908,-0.54260302,1.268994
8.2962251,1.232909,-0.26310799,1.233672
8.3012458,1.247358,-0.217301,1.2225749
8.3062664,0.86270797,0.01402,1.061118
8.3112871,0.88436198,0.054193001,1.050983
8.3163077,0.48250601,0.13452201,0.84726799
8.3213283,0.51008302,0.169356,0.838103
8.326349,-0.13147999,0.184854,0.78604198
8.3313696,-0.098426998,0.214213,0.77789402
8.3363902,-0.87383997,0.214458,0.98792601
8.3414108,-0.837991,0.23687699,0.98125702
8.3464316,-1.4039969,0.086093999,1.1859421
8.3514523,-1.371492,0.099661998,1.181424
8.356473,-1.74796,0.080913998,1.048905
8.3614936,-1.723685,0.082650997,1.047165
8.3665142,-1.638898,0.173209,0.56821603
8.3715349,-1.627353,0.163745,0.56924599
8.3765556,-1.02853,0.35247201,0.30130401
8.3815763,-1.033492,0.33572099,0.304582
8.3865969,-0.0062040002,0.42507499,0.49334401
8.3916176,-0.028142,0.405958,0.498128
8.3966382,1.0377181,0.46328101,1.095125
8.4016588,1.004073,0.442855,1.101135
8.4066794,1.695766,0.554465,1.653945
8.4117001,1.658744,0.529154,1.661507
8.4167207,1.892643,0.58606797,1.83285
8.4217413,1.858534,0.55284601,1.842199
8.4267621,1.6100039,0.56925797,1.311501
8.4317828,1.581682,0.52733397,1.322656
8.4368034,1.145545,0.49761,0.341075
8.441824,1.123067,0.45018101,0.353468
8.4468447,0.75849599,0.36037201,-0.624951
8.4518653,0.739452,0.31321201,-0.61234599
8.4568859,0.464331,0.314403,-1.227114
8.4619066,0.44875601,0.27155599,-1.215328
8.4669273,0.25676399,0.26574799,-1.283512
8.471948,0.245373,0.230893,-1.2737139
8.4769686,-0.0085610002,0.18478499,-0.83222002
8.4819892,-0.015696,0.15905599,-0.82493198
8.4870099,-0.20525999,0.021342,-0.36183199
8.4920306,-0.21166,0.0032649999,-0.35647199
8.4970512,-0.26755899,-0.244624,-0.110334
8.5020718,-0.278696,-0.255878,-0.10617
8.5070925,0.00032399999,-0.43059701,0.141892
8.5121133,-0.021923,-0.43568301,0.145739
8.5171339,0.54534698,-0.549344,0.51119101
8.5221545,0.51146197,-0.54861599,0.51503003
8.5271751,1.257629,-0.711595,1.076794
8.5321958,1.215993,-0.70617902,1.080676
8.5372164,1.737079,-0.93758601,1.730834
8.542237,1.695562,-0.93082702,1.734736
8.5472578,1.9307719,-1.166078,2.018811
8.5522785,1.894228,-1.16286,2.0232811
8.5572991,1.632526,-1.216261,1.592454
8.5623197,1.604213,-1.221054,1.5980231
8.5673403,1.220011,-1.095651,0.30472901
8.572361,1.197494,-1.109207,0.31187099
8.5773816,0.84591299,-0.92478102,-1.233539
8.5824022,0.82671398,-0.94328302,-1.225444
8.587423,0.76496398,-0.80650997,-2.408567
8.5924437,0.745359,-0.82462502,-2.400332
8.5974642,0.84878498,-0.74685001,-3.2150199
8.6024849,0.82587302,-0.76007003,-3.207401
8.6075055,1.0122761,-0.68184602,-3.5206671
8.6125261,0.98583001,-0.68695498,-3.5145209
8.6175467,1.154794,-0.66256702,-3.318146
8.6225674,1.128085,-0.65794599,-3.3145211
8.627588,1.277954,-0.79184097,-2.630887
8.6326086,1.253584,-0.77785498,-2.6301539
8.6376294,1.301875,-0.92470402,-1.8625979
8.6426501,1.281593,-0.90742397,-1.8634
8.6476707,1.145137,-0.976991,-1.606059
8.6526913,1.129764,-0.96311599,-1.606775
8.657712,0.664891,-0.97387898,-1.789663
8.6627326,0.65570003,-0.965298,-1.790126
8.6677532,0.042034,-0.96419299,-2.147824
8.6727739,0.038321,-0.95907998,-2.148442
8.6777946,-0.51341802,-1.025564,-2.3823819
8.6828153,-0.51411003,-1.01934,-2.383899
8.6878359,-0.94495302,-1.112986,-2.2599759
8.6928566,-0.94583601,-1.1016721,-2.2627821
8.6978772,-1.183939,-1.266522,-1.634963
8.7028979,-1.189153,-1.247227,-1.638929
8.7079185,-1.174258,-1.490072,-0.75773501
8.7129391,-1.1877919,-1.463733,-0.76169097
8.7179598,-1.05584,-1.673141,0.055868
8.7229806,-1.078657,-1.6434391,0.053217001
8.7280011,-0.63191599,-1.8158621,0.719845
8.7330218,-0.66317898,-1.786494,0.71940899
8.7380424,-0.001528,-1.903982,1.297743
8.7430631,-0.038401999,-1.878626,1.299906
8.7480837,0.44431001,-1.826395,1.488169
8.7531043,0.407736,-1.810019,1.4927599
8.7581251,0.73927999,-1.7462699,1.02481
8.7631458,0.70657903,-1.739984,1.031124
8.7681664,0.64515901,-1.631693,-0.0032240001
8.773187,0.61982799,-1.634228,0.0035329999
8.7782077,0.206774,-1.459669,-1.287442
8.7832283,0.19085801,-1.4676321,-1.281644
8.788249,-0.27625501,-1.339299,-2.435581
8.7932696,-0.281479,-1.3481849,-2.4321959
8.7982903,-0.75671297,-1.344981,-3.58689
8.803311,-0.75118399,-1.350064,-3.5870819
8.8083316,-1.194451,-1.427886,-4.3421149
8.8133523,-1.176775,-1.424063,-4.3473992
8.8183729,-1.619302,-1.612801,-4.4699798
8.8233936,-1.587787,-1.5950921,-4.4817109
8.8284142,-1.969775,-1.93915,-4.0099568
8.8334349,-1.926456,-1.906207,-4.0274582
8.8384556,-2.1636569,-2.3967431,-3.348747
8.8434763,-2.134495,-2.376157,-3.359834
8.8484969,-2.251611,-2.764791,-2.8105049
8.8535176,-2.2235761,-2.7453179,-2.8208129
8.8585382,-2.075017,-2.8859761,-2.6123209
8.8635589,-2.0500381,-2.8717051,-2.6206329
8.8685795,-1.842169,-2.78934,-2.7833929
8.8736001,-1.819739,-2.7825019,-2.7894559
